driverId,name,ssn,location,certified,wage-plan
10,Sherri Nguyen,222-17-1734,"0609 Molina Courts
Marisaburgh, MS 57490",N,hours
11,Thomas Hatfield,381-06-4871,"253 Jimenez View Suite 518
Nicholsonton, TX 72677",Y,miles
12,Rebecca Pineda,605-40-4299,"7107 Munoz Heights
Brownview, MP 26976",N,hours
13,Kim Ray,108-75-3826,"583 Brennan Squares Apt. 595
West Madisonchester, VA 62445",Y,miles
14,Helen Phillips,899-76-6238,"45222 Garcia Locks Suite 362
Grahamhaven, MP 87454",N,hours
15,Laura Smith,385-89-1960,"422 Lisa Islands
East Scottville, KY 33196",N,hours
16,Theodore Miller,286-76-2642,"00873 Davis Groves
Christophertown, KS 84734",N,hours
17,Carolyn Morgan,099-42-3544,"673 Stone Drive Suite 860
Brendafurt, ND 40722",Y,hours
18,Kimberly Elliott,771-81-0138,"439 Edwards Drives
West Krista, CT 60941",N,miles
19,Christopher Gardner,860-46-6157,"2041 Robinson Summit
Kathleenberg, PW 20794",N,miles
20,Matthew Miles,534-55-9431,"52548 Wilson Manors Apt. 052
Port Johntown, OH 78189",Y,hours
21,Mrs. Kayla Davis,853-35-1789,"00140 Thomas Trace Apt. 066
North Maryberg, NC 36644",Y,miles
22,Michelle Mayo,569-03-7973,"234 Juan Inlet
East Mitchell, PR 32199",N,miles
23,Phillip Adkins,081-63-4494,"779 Kimberly Estates
Lake Amymouth, DC 47942",Y,miles
24,Cheryl Scott,628-55-1643,"640 Taylor Ramp
South Courtney, CA 70327",Y,hours
25,Timothy Smith,740-55-2039,"5508 Seth Bridge
Mariestad, GU 92976",N,hours
26,Jessica Bell,618-78-7401,"9634 Johnson Circles
Ericaton, IA 00933",Y,hours
27,Abigail Lambert,397-14-9109,"3151 Brian Extension Suite 472
Lake Rachelhaven, MS 08322",N,hours
28,William Brown,431-28-8001,"124 Valerie Estate Suite 640
Dylanborough, ND 37260",N,hours
29,Angela Rivera,173-94-5105,"357 Ross Loop Suite 241
North Ian, AS 68072",Y,miles
30,Janet Brown,815-07-0367,"125 Michelle Square Suite 216
Port Samuelberg, TX 95016",Y,miles
31,Megan Sullivan,192-65-2419,"006 Williams Shores Apt. 752
South Kristinastad, FL 51982",N,hours
32,Ryan Clark,691-38-3304,"36720 Richardson Fall
South Dawnport, VA 47396",Y,miles
33,Lindsey Mcdowell,356-14-4619,"3580 Kevin Lights
Josephburgh, WV 27803",N,miles
34,Ryan Anderson,227-12-4458,"9139 Toni Squares
Currystad, NJ 33197",N,hours
35,Eric Spence,093-79-9852,"46261 Washington Trafficway Suite 149
Lake Bailey, ND 53699",Y,miles
36,Alexander Rodriguez,382-90-6533,"946 Brent Drives
Gibsonland, OH 19656",N,miles
37,Christopher Butler,629-42-9729,"16993 John Corners Apt. 343
Jimmyland, AK 85415",Y,hours
38,Gregory Hoover,103-93-2486,"8828 Kevin Bypass Suite 837
North Gregoryfort, CO 09475",Y,hours
39,Jacqueline Schmidt,118-35-9374,"27584 Jeffrey Drive
Amandashire, GA 98300",Y,hours
40,Adam Garcia,380-74-0794,"11934 Ryan Wells
Wellston, MT 48852",N,miles
41,Katrina Leonard DDS,868-66-8426,"699 Hannah Fords Suite 199
Lake Victor, AZ 67507",Y,hours
42,Cathy Roberts,835-41-9918,"4020 David Terrace
Blairmouth, MO 59508",Y,hours
43,Christopher Hobbs,617-42-6349,"28517 Taylor Mount Suite 727
North Michellemouth, KY 10932",N,miles
44,Kimberly Harper,042-02-3201,"56799 Rodriguez Square
Devinview, MP 88535",Y,hours
45,Ronald Caldwell,652-69-2838,"364 Jones Common
Craigborough, TN 23534",N,miles
46,Kathy Alexander,722-13-4367,"123 Andrew Grove Apt. 167
Lake Michael, IN 41406",Y,hours
47,Emily Brown,579-22-4944,"USNS Middleton
FPO AE 83637",N,miles
48,Dawn Whitaker,304-18-2715,"900 Rollins Spurs Suite 287
Bryanburgh, WI 18566",N,miles
49,Michael Rodriguez,200-66-6018,"2606 John Extensions
Martinezmouth, CO 27789",N,hours
50,Danielle Mckay,618-61-2503,"028 Michael Route
Lake Robinview, LA 61634",Y,miles
51,Lisa Davis,155-93-6270,"5134 Young Row Apt. 533
East Stephanie, HI 37946",N,hours
52,Lisa Chambers,748-08-1331,"6837 Curtis Extensions
Lake Catherine, NM 25076",Y,miles
53,Christina Roberts,771-09-0056,"9720 George Walk
Greentown, SD 55303",Y,miles
54,Patty Delgado,371-17-6494,"5465 Willis Locks
Martinezbury, TX 45323",Y,miles
55,Francis Jordan,110-44-5770,"90060 Young Inlet
South Amy, MH 84087",N,hours
56,Patricia Martin,038-21-0080,"8463 Mcconnell Route Suite 490
Matthewstad, MN 48291",Y,hours
57,Tara Hayes,106-94-8242,"047 Hughes Fall Apt. 598
Thompsonfort, ME 96159",N,miles
58,Paige Poole,377-15-5676,"192 Denise Trail Apt. 934
Smithhaven, MN 73081",Y,miles
59,Bryan Harding,794-64-3191,"450 Rodriguez Stream Apt. 661
New Jennifer, MP 96605",Y,hours
60,Annette Waller,526-49-8473,"0057 Allen Valleys
Mathismouth, WY 13850",N,hours
61,Chad Crawford,028-96-3267,"162 Moore Trafficway Apt. 713
West Carolynville, OK 20369",Y,hours
62,Paul Noble,262-82-1321,"58884 Everett Coves
New Shannon, FM 88594",N,hours
63,Hannah Jones,310-35-7421,"0407 Smith Streets Apt. 871
New Jonathanland, MO 46786",N,miles
64,Christopher Bailey,834-05-0703,"598 Allen Island
North Ashleytown, AL 81779",Y,miles
65,Blake Schmidt,689-78-2142,"217 Carol Station
Melissafurt, NJ 53873",Y,miles
66,Jon Lloyd,672-29-3937,"4048 Julie Ways
Acostaside, LA 04569",Y,hours
67,Robert Johnson,231-60-9722,"095 Huff Coves Suite 646
Port Sarah, MI 83426",Y,miles
68,Rebecca Bernard,895-05-5314,"15711 Barber Spur Suite 571
North Amanda, FL 96504",Y,miles
69,Jason Adams,501-74-0684,"786 Castillo Grove Apt. 389
Lake Sara, OR 02284",Y,hours
70,Jesse Hicks,351-92-1679,"6964 Davis Hills
Scottborough, KS 31636",N,miles
71,Tracey Cooper,103-54-7963,"67791 Donna Place Suite 832
New Josephstad, IN 50844",Y,hours
72,Elizabeth Parrish,497-36-7273,"3303 Belinda Springs Apt. 673
North Kimberlyfurt, KS 62693",N,hours
73,Andrew Anderson,802-57-0067,"39484 Trevor Garden
Odomshire, FL 56755",N,miles
74,Joseph Welch,394-01-4844,"282 Lewis Coves
Benjaminton, VA 62579",N,miles
75,Charles Cardenas,387-32-0825,"666 Eric Squares
Michaelmouth, DC 56187",Y,miles
76,Alexander Weiss,123-38-1185,"657 Morgan Highway Apt. 121
North Johntown, PR 12863",N,hours
77,Elizabeth Rose,598-48-9865,"USCGC Carpenter
FPO AE 23490",N,hours
78,Ashley Gray,502-39-7155,"17492 Villa Coves Suite 881
South Rhonda, CT 08471",N,miles
79,Adam Owen,767-85-0765,"63480 Jones Lock Apt. 327
Port Garybury, WY 64098",Y,miles
80,Sean Ramirez,847-22-8418,"290 Jeremy River
East Christianmouth, MS 89176",Y,miles
81,David Young,562-03-1557,"PSC 7037, Box 3582
APO AP 41555",N,miles
82,Amanda Williams,094-21-5980,"729 Kelly Estates Apt. 490
Port Hannah, NJ 16949",Y,hours
83,Dr. Brenda Thomas DVM,295-17-6172,"90167 Timothy Ways Suite 124
East Alexton, NJ 01579",Y,hours
84,Lauren Alexander,791-50-5655,"26212 Zimmerman Port
Port Joseburgh, AS 65013",N,hours
85,Timothy Hoffman,412-43-8048,"989 Thompson Ford Suite 496
East Kathryn, PR 66383",N,miles
86,Ashley Kennedy,651-49-5679,"697 Zuniga Heights
Port Sherri, FM 45439",N,miles
87,Ebony Miller,721-86-5968,"611 Armstrong Shore Suite 739
Caseyside, CT 55216",Y,miles
88,Jared Jacobs,081-31-0273,"61399 Troy Ports Suite 662
Williamsmouth, MH 80059",Y,hours
89,Emily Cherry,686-81-8149,"428 Lindsey Mountain Apt. 671
Christopherborough, TN 25626",Y,hours
90,Adam Rojas,754-40-2383,"997 Murphy Drive
Barryburgh, OH 78368",N,hours
91,Peter Miller,268-91-1210,"208 Diaz Crossroad
Morrisbury, MO 14589",Y,miles
92,Alyssa Rogers,292-73-8589,"1361 Wilson Rue Suite 873
North Bradley, KY 56648",Y,hours
93,William Nichols,215-25-3744,"81899 Wright Inlet
South Michaelbury, OK 65702",Y,hours
94,Christopher Walker,184-57-6992,"73542 Mcdaniel Light
North Annside, MD 37171",N,hours
95,William Juarez,525-36-7539,"93775 Keith Tunnel Suite 125
Lake Jordan, LA 21720",Y,hours
96,Lisa Doyle,267-89-3456,"USCGC Burnett
FPO AP 24625",N,hours
97,Pamela Scott,839-78-0087,"56275 Williams Springs Suite 248
North Perryhaven, VA 44991",Y,hours
98,Elizabeth Smith,845-15-5491,"60314 Spence Run
East Angelamouth, IA 50258",Y,hours
99,Anthony Jefferson,327-73-7897,"7451 Cheryl Pine Apt. 574
Carrieshire, CT 37113",N,hours
100,Kristy Shaw,841-82-4421,"63723 Christina Wall
Hermanmouth, GA 66961",Y,hours
101,David Greer,734-02-1315,"79846 Spence Wall
Port Brenda, NM 02551",Y,hours
102,Jennifer Williams,488-67-0708,"69336 Jones Meadows Apt. 084
West Caseymouth, NY 42126",Y,miles
103,Jimmy Bowman,505-37-0802,"09816 Stephanie Mission
Floydland, MH 64584",Y,miles
104,Jody Davis,526-30-4867,"14261 Emily Vista Apt. 058
North Shawnfort, ME 75962",Y,hours
105,Daniel Lawson,560-17-7787,"2477 Theresa River Apt. 927
New Dorothy, LA 80006",N,hours
106,Destiny Lopez,758-71-1262,"790 Thomas Street
Josefurt, KY 59316",Y,miles
107,Courtney Munoz,301-36-7592,"3409 Hall Row Apt. 637
New Chadmouth, MO 49491",N,hours
108,Chad Smith,451-45-8975,"049 Fisher Spur Suite 660
West Melissabury, SD 25172",N,hours
109,Tracy Leach,684-10-0038,"66709 Montes Trail
New Brian, HI 07461",Y,hours
110,Robert Chandler,229-23-9696,"81848 Davis Falls Suite 219
Kennethtown, MO 93670",N,miles
111,Jillian Lopez,491-10-1856,"962 Steven Village Suite 348
East Deborah, AS 85269",N,hours
112,Jacqueline Scott,515-34-6752,"10648 Jennifer Fort
Hamiltonside, AR 51614",N,miles
113,Brittany Robinson,816-37-5201,"053 Jennifer Estates
Lake Martinmouth, ID 88536",N,hours
114,Heather Garcia,722-86-6900,"9429 Heather Vista
Port Jennifer, TN 56643",Y,miles
115,Paul Berg,713-17-3959,"04787 Sarah Club Suite 030
West Christopherstad, GU 58349",Y,hours
116,Karen Garcia,051-66-5336,"98634 Walters Courts Apt. 972
Wilsonmouth, VI 14812",N,miles
117,Candice Schultz,145-43-1173,"2996 Jennifer Greens Apt. 383
Yatesburgh, ID 84964",N,hours
118,Shawna Lee,877-21-3539,"923 Sandra Run Apt. 740
North Candice, SD 63008",Y,hours
119,Brianna Horn,125-54-9096,"31327 Sandra Loop Apt. 360
Port Jennifer, VT 88891",N,miles
120,Brenda Dunn,235-03-5041,"551 Julie Well
Harrisberg, DE 32329",N,miles
121,Andrew Yoder,109-11-3269,"230 Jeffrey Alley
Brownfurt, IA 48292",N,miles
122,Sharon Johnson,776-70-4952,"8472 Martin Loop Suite 386
North Jason, OH 02299",N,hours
123,Jeremy Singleton,764-59-4110,"3299 Sean Highway
Port Cheryl, MD 43425",N,hours
124,Sarah Watts MD,297-44-2380,"1095 Tiffany Club Suite 910
Christopherfort, MD 06686",Y,hours
125,Jeremy Jones,027-91-8943,"4449 Travis Ranch Apt. 779
New Lori, ID 23904",Y,hours
126,Christopher Gaines,882-04-5615,"9343 Greene Junction
Lake Johnmouth, WA 06730",N,miles
127,Jonathan Clark,017-67-1552,"1388 Miller Avenue Suite 713
North Maryburgh, CA 42265",Y,miles
128,Billy Macdonald,702-47-3357,"0068 Katrina Stream
Baileyhaven, GA 91435",Y,miles
129,Charles Rivera,141-07-1814,"75535 Elizabeth Wells
North Jeffreyport, NC 57570",N,miles
130,Carol Soto,335-77-3742,"12582 Cook Port Suite 835
West Jason, MN 01773",N,miles
131,Pamela Adkins,615-29-2529,"8653 Barnes Plains Apt. 997
Brandimouth, TN 64065",N,miles
132,Trevor Hicks,058-73-6632,"054 Garcia Lakes Apt. 187
North Debra, DE 16457",Y,hours
133,Tina Bishop,620-12-6346,"122 Williams Glens
Millerbury, CA 53066",N,hours
134,Sarah Williams,139-61-9630,"050 Troy Lock
West Rachel, UT 48686",Y,miles
135,Jay Smith,754-79-4015,"0173 Weiss Meadows Suite 380
Johnsonfurt, NV 84087",N,hours
136,James Smith,501-61-3742,"17991 Angela Roads
North Jeffreytown, NM 89273",Y,miles
137,Olivia Williams,161-28-6458,"Unit 2042 Box 8538
DPO AE 49665",Y,miles
138,Michael Lucero,311-72-8611,"310 Romero Pine
West Dale, WA 12113",N,miles
139,Wendy Maxwell,316-38-4890,"416 Sullivan Knoll Apt. 330
East Chelsey, GU 85053",Y,hours
140,Gary Hammond,338-46-1378,"7410 Watson Canyon Apt. 793
West Jenniferport, SC 88087",Y,hours
141,Charlene Smith,060-68-8827,"75879 Tina Shores Suite 183
Rogersland, WI 83678",N,miles
142,Joan Perez,705-91-3373,"92107 Torres Ville
West Loriborough, DC 33446",Y,hours
143,Christian Donaldson,843-79-8834,"011 Joseph Ramp
West Lisaside, NE 39356",Y,hours
144,Brian Patton,643-38-1238,"5926 Jasmin Springs
East Jennifer, OH 28858",N,hours
145,Elizabeth Bell,155-50-5652,"10265 Jonathan Groves
South Tina, DC 03596",Y,hours
146,Rachel Schultz,083-11-8559,"PSC 0134, Box 1725
APO AA 32399",N,hours
147,Danielle Reed,667-01-8009,"79588 Mary Estate
Colliershire, PW 50060",N,hours
148,Adam Wilson,530-86-8476,"30563 Christina Skyway
Port Jacquelineton, NJ 68580",N,miles
149,Krystal Brooks,079-87-4483,"57690 Abbott Centers Suite 114
Henryside, KS 08173",Y,miles
150,Bradley Fox,795-75-5973,"2882 Eric Islands Apt. 747
North Zachary, NJ 00661",N,miles
151,Teresa Lawrence,326-43-5935,"228 Emily Parks Suite 333
Jessicashire, AK 16921",N,miles
152,Kimberly Torres,204-92-9167,"2791 Diane Parks
Tylerville, MD 33008",N,hours
153,Bruce Lewis,625-70-3049,"499 Day Lodge Apt. 302
Wigginsshire, RI 94674",N,miles
154,Michael White,088-17-8639,"3472 Alyssa Lane Suite 348
West Jamiemouth, LA 40516",Y,miles
155,Gary Sanders,324-34-0692,"0202 Ponce Manors Suite 438
Lake Debbie, MI 50131",N,hours
156,Angel Rubio,007-67-2845,"Unit 7261 Box 4337
DPO AA 19989",N,miles
157,Carolyn Fuentes,416-38-8634,"PSC 5714, Box 1020
APO AP 02882",N,miles
158,Jennifer Skinner,593-10-9252,"49547 David Shoal
New Chelsea, AZ 02527",N,hours
159,Samantha Gardner,839-73-5897,"94807 Kenneth Place Suite 959
Port Cameron, MI 02232",Y,hours
160,John Jones,428-74-4723,"30682 Kathy Course
Katelynmouth, TX 81672",Y,miles
161,Jeffrey Branch,423-09-1243,"66101 Megan Fork Apt. 165
West Amytown, NC 62668",N,hours
162,Lauren Graham,067-40-4117,"736 Curry Summit
South Grantport, VT 46737",N,hours
163,Bradley Decker,161-62-2586,"576 Joyce Mountains Suite 807
Emilyhaven, TN 01254",N,miles
164,Matthew Webb,470-40-9481,"PSC 8205, Box 1894
APO AA 14332",Y,hours
165,Dylan Mata,697-03-0747,"3066 Farley Vista Apt. 591
New Charlesland, AK 03455",Y,miles
166,Matthew Gomez,705-01-5500,"86807 Harvey Circles Suite 386
New Sarah, OK 05208",N,miles
167,Rebecca Perez,457-38-3479,"5424 Brandon Shoals Apt. 770
North James, CT 09251",Y,miles
168,Andrew Sanders,832-37-2215,"6899 Sarah Avenue
Port Christopher, NE 59777",N,hours
169,Brian Thompson,306-80-8406,"1428 Johnson Land
South William, TN 53908",Y,miles
170,Melissa Robinson,657-92-3484,"18382 Dixon Meadows
Sharpshire, IL 85039",N,miles
171,Ashley Vincent DVM,648-98-0346,"0500 Collins Crest
Lake Jose, VI 90917",N,hours
172,David Santos,484-32-3665,"3748 Joseph Walk Apt. 541
Pricestad, WV 39785",Y,hours
173,Karen Davenport,222-51-1103,"2906 Castillo Plaza
Wilsonmouth, MA 56583",Y,hours
174,Heather Smith,051-20-8079,"61073 Hale Centers Suite 029
Port Joshuabury, MP 12822",N,miles
175,Alex Black,492-05-5986,"35305 Smith Court Apt. 510
Tannerside, MO 30337",Y,hours
176,Stephanie Long,809-85-7390,"80098 Robinson Trace
Kramerview, NY 39269",Y,miles
177,Mark Wright,354-69-6710,"54358 Smith Plaza
Port Kristinaberg, NH 12767",N,hours
178,Charlotte Silva,849-05-7358,"9688 Frost Flat
Samuelville, NV 78135",Y,hours
179,Heather Santiago,827-76-2504,"36104 Rachel Divide Apt. 041
East George, MS 77403",Y,miles
180,Cynthia Flores,255-14-5046,"170 Hoffman Lodge Suite 225
Robinfurt, AL 02294",N,hours
181,Nathan Gomez,219-29-1638,"915 Wright Meadow
Josephhaven, VI 33792",Y,miles
182,Danielle Wade,356-97-2748,"255 Allen Views
Edwardfurt, IA 62241",N,miles
183,Sarah Lee,261-72-4014,"82640 Sarah Shoals
Lake Cherylborough, SC 48736",N,miles
184,Mark Mcclain,313-32-8922,"75305 Rebecca Summit
East Charlesstad, CA 03861",N,miles
185,Brian Thomas,418-88-1728,"600 Erin Unions
Brianfurt, WY 01302",N,hours
186,Jessica Wu,531-71-4698,"PSC 1798, Box 6400
APO AA 37264",Y,miles
187,Chris Chase,775-53-7896,"0693 James Shoals Apt. 557
West Matthewmouth, LA 07111",Y,miles
188,Kevin Holmes,575-52-5315,"2112 Gonzalez Lodge
Christopherland, VA 56111",N,miles
189,Stacy Carey,717-56-2388,"841 Raymond Shoal Suite 606
West Devinshire, MP 57072",Y,hours
190,Tara Leach,800-60-3510,"95806 Vargas Inlet
Markton, NC 95614",Y,hours
191,Joseph Harris,090-38-0400,"1264 Nicole Route Suite 767
Port Michaelstad, WA 91826",Y,hours
192,Karen Taylor,597-68-8505,"07595 Margaret Shoals Apt. 681
Chenmouth, MT 05358",Y,hours
193,Matthew Smith,011-75-4174,"6179 Young Crest
Stephanieton, DC 43497",Y,miles
194,Samantha Nguyen,189-65-2546,"33379 Amy Passage Apt. 328
North Jacobborough, OH 29317",Y,miles
195,Jessica Williams,638-20-1777,"3428 Miller Lodge
Patriciastad, PA 68153",Y,miles
196,Melissa Johnson,361-02-7230,"2515 Martinez Shoals Apt. 607
Monicatown, CT 11767",Y,hours
197,Manuel Perez,780-19-5415,"1037 Adrian Fort Suite 593
Leemouth, MI 40096",Y,hours
198,Lisa Robinson,196-01-2646,"095 Jason Valley Suite 272
New Sophiaside, SD 97303",N,hours
199,Kristen Henderson,536-79-5506,"3694 Russell Highway Suite 077
Kevinland, IN 33838",Y,hours
200,Austin Steele,617-27-3445,"0682 Johnson Mountain
Stephaniebury, RI 84309",Y,hours
201,Matthew Sharp,751-41-7913,"47141 Hammond Roads Apt. 219
Alexisport, NM 21979",Y,miles
202,Tamara Bond,112-53-3289,"6382 Anderson Summit Suite 104
Carterchester, FL 41984",Y,miles
203,Jennifer Jones,010-31-7490,"PSC 4739, Box 1717
APO AE 84254",N,miles
204,Kenneth Richards,467-99-6651,"25633 Sims Glen Apt. 850
New Terri, NM 66036",N,miles
205,John Roberts,529-43-6224,"58007 Randy Pine Apt. 962
Dunnberg, AR 37922",Y,miles
206,Anthony Hughes,193-69-3818,"186 Phillip Village Apt. 119
South Stacyport, KS 25679",Y,hours
207,Christopher Murphy MD,109-24-1799,"346 Richard Ferry
Larryborough, MH 36077",N,hours
208,Marie Medina,376-49-1589,"5938 Smith Shore
Bradshawside, KS 10765",N,miles
209,Mr. Frederick Bailey,693-50-4761,"85596 Webb Knolls Suite 773
Joshuahaven, MP 73493",Y,miles
210,Victor Mueller,278-74-1934,"7134 Russell Bypass Suite 964
Johnsonfort, NY 85155",Y,hours
211,Benjamin Swanson,012-91-7833,"8278 Kayla Lodge
South Edward, HI 28889",Y,hours
212,Jacob Arroyo,034-10-7672,"4829 Robert Camp Apt. 962
Alexisborough, VI 17238",N,hours
213,Brian Klein,332-56-0122,"39919 Miles Plaza Apt. 400
West Jerrychester, NY 05757",Y,hours
214,Brittany Martin,043-76-7453,"54849 Gregory Stream Suite 069
East Jason, WV 28813",Y,hours
215,Rachel Hawkins,729-59-6340,"30927 Jennifer Expressway Suite 272
West Jacobmouth, NM 06688",N,miles
216,Joshua Stanley,153-02-4941,"USCGC Thomas
FPO AA 12517",N,hours
217,Aaron Lane,593-57-8167,"754 Jennifer Street
Petersonhaven, ME 80148",Y,miles
218,Jeremy Mack,652-97-6505,"987 Anderson Branch
Wyattview, UT 96222",N,miles
219,Stacy Duke,383-78-1671,"6521 Ross Manors Suite 010
Katelynfurt, NV 93196",N,miles
220,Sean Jones,213-72-8178,"PSC 7321, Box 7148
APO AP 86981",Y,hours
221,Larry Sanford,225-89-7898,"046 Munoz Ways
Lake Jessica, FL 97165",N,miles
222,Janet Campbell,042-96-4188,"7422 Susan Spurs Suite 758
Newmanport, NV 70097",N,miles
223,John Green,851-13-8344,"8709 Hale Squares
West Trevor, MS 95882",N,miles
224,Jason Lowe,824-22-2440,"30315 Timothy Mill
East Kyle, NV 21374",Y,hours
225,Kaitlyn Barton,802-41-9112,"0236 Mendoza Parkways
Russofort, AS 36609",Y,miles
226,Michael Burton,041-59-5313,"5613 Lewis Wells Apt. 723
East Allen, TX 77692",Y,miles
227,Cathy Doyle,465-72-0981,"PSC 9470, Box 9188
APO AP 32837",N,hours
228,Mary Reyes,679-37-3411,"742 Edward Trail
South Katie, AK 78413",Y,hours
229,Brad Mcpherson,495-81-3757,"477 Daniels Ranch Suite 339
Port Jamie, IA 22868",Y,hours
230,Jessica Hanson,119-50-2188,"4046 Kathryn Ports
Stanleyfurt, AS 75603",N,hours
231,Stephen Rogers,705-22-0363,"524 Stephanie Cove Apt. 148
Kathleenberg, AS 92866",Y,miles
232,Joshua Elliott,077-88-0217,"506 Taylor Mall
East Michael, ME 18281",N,hours
233,Larry Long,710-60-7412,"Unit 9514 Box 6903
DPO AA 41903",N,hours
234,Jennifer Lara,123-09-7187,"809 Bell Meadows
South Gabriel, MD 23044",Y,hours
235,Sarah Newton,665-86-1808,"1501 Payne Passage
East Granthaven, RI 61447",Y,miles
236,Kelly Mooney,487-21-8493,"USS Peters
FPO AA 40037",N,miles
237,Samuel Smith,045-86-3868,"43373 Eric Points
East Josephland, TN 06523",Y,hours
238,Renee Huff,365-86-1803,"21609 Pamela Keys Apt. 455
West Meganmouth, UT 71520",Y,miles
239,Brendan Smith,030-87-7806,"7987 Tina Ville
New April, NH 53506",Y,miles
240,Ryan Hughes,170-18-2148,"429 Moran River
Lake Allenview, NJ 55441",N,hours
241,Ashley Wise,050-63-2501,"187 Charles Mews Suite 663
Port Laura, NE 32374",Y,miles
242,Stacey Page,088-91-5927,"0597 Melissa Field Apt. 617
East Alicia, WY 67171",N,miles
243,Michael Dixon,694-01-2143,"988 Lowery Mission
New Chadport, VI 64488",N,miles
244,Teresa Lane,650-73-6279,"3777 Rachel Courts
Millerchester, MP 08204",Y,hours
245,Michael Jenkins,064-12-0984,"52522 Hill Haven
Adamfurt, CO 99004",N,hours
246,Jordan Moore,195-08-6582,"7841 Seth Viaduct Suite 652
Donaldberg, IN 61733",Y,miles
247,Julie Gay,073-72-1040,"757 Kaitlyn Meadow Apt. 699
Davisburgh, AL 48680",Y,hours
248,Parker Scott,037-15-6595,"99910 Skinner Vista
East Olivia, MI 28756",Y,hours
249,Gabrielle Phelps,700-60-4362,"210 Jennifer Flat
Bellhaven, MH 47709",Y,miles
250,Jonathan Perry,106-96-3863,"005 Cody Ford
Lake Aprilview, AL 66324",N,hours
251,Chad Tran,530-36-8922,"9338 Woods Mountain
Barronshire, AS 20348",N,hours
252,Shawn Houston,252-58-1856,"047 Tonya Walks
West Ryan, VT 86893",N,miles
253,Tyler Ramirez,889-79-4762,"14145 Laura Via Apt. 829
Stevenmouth, GA 98868",Y,miles
254,Tammy Ewing,361-05-8615,"3417 Hall Road Apt. 337
Douglasport, NJ 31100",N,hours
255,Willie Soto,471-79-9135,"3776 Doyle Extensions Apt. 891
New Linda, WA 55989",N,hours
256,Jacqueline Hall,536-11-1230,"900 Brandi Loop
New Allisonburgh, WA 22070",Y,miles
257,Caitlin Garza,663-64-0511,"54063 Sara Flat
Grahamchester, VI 35767",N,miles
258,Jenny Conner,439-86-6529,"52994 Justin Circles
Frankshire, DC 24493",Y,hours
259,Elizabeth Chapman,402-91-5267,"912 Frederick Underpass
New Heather, MO 27750",Y,miles
260,Russell Mcgrath,050-03-3334,"19838 Marsh Trafficway Apt. 470
South Margaret, TX 03329",Y,miles
261,Brian Anderson,274-85-1047,"805 Kara Springs
North Williambury, MO 36153",N,hours
262,Kevin Alvarez,452-81-0252,"7917 Nguyen Junctions
North Rodneystad, WA 37767",Y,miles
263,Megan Figueroa,822-95-5831,"513 Miller Squares
Sherrymouth, AR 56595",Y,miles
264,Susan Martinez,032-63-0355,"17829 Fletcher Creek
Abigailland, AR 45457",Y,hours
265,Timothy Miller,376-37-5413,"33556 Brooks Throughway Suite 500
Lake Allisonchester, MI 78927",N,hours
266,Stephanie Carter,124-81-8157,"4109 Dana Parkways
Patriciaburgh, NM 45742",Y,miles
267,Angela Williams,045-74-0450,"USS Clark
FPO AE 60145",N,hours
268,Megan Hill,729-38-1115,"1132 Rivera Pine
Port Benjaminbury, MO 86224",N,miles
269,Robert Marquez,750-94-8450,"2619 Lowe Groves
Port Susanbury, MP 37731",N,hours
270,Jean Lopez,471-79-4251,"PSC 6926, Box 3841
APO AP 87582",Y,miles
271,Cheryl Hall,690-38-3014,"475 Ryan Parkways Suite 677
New Alexandria, AR 98667",Y,hours
272,Jacob Mckay,580-14-4331,"77240 Ryan Manor Apt. 316
Patricialand, KS 80004",Y,hours
273,Dale Hughes,076-63-3824,"98344 Simon Shore
Port Jimmy, AS 86449",N,hours
274,Alyssa Bass,761-07-5155,"8614 Jackson Alley Apt. 005
Taylorbury, PA 36519",N,hours
275,Anthony Graham,104-30-4940,"54960 Jeremy Mission
East Michaeltown, OK 98774",Y,hours
276,Denise Hunter,715-49-9310,"904 Crystal Parks Apt. 751
West Eric, NH 02750",Y,hours
277,Craig Peters,082-10-8735,"47007 English Ports Apt. 035
Lake Brian, UT 44922",N,hours
278,Carl Cunningham MD,899-31-7354,"465 David Unions
South Lindseybury, HI 73968",Y,hours
279,Shawn Gordon,670-57-5641,"623 Christopher Expressway Suite 970
Lawrencefurt, MO 37650",N,hours
280,Evan Johnson,697-50-1282,"538 Davis Row
South Christophershire, NC 97555",N,miles
281,Andrew Buchanan,291-78-4025,"570 Lee Overpass Suite 180
West April, NV 36076",N,hours
282,Anthony Massey,782-47-8559,"58608 Barron Corners Apt. 457
New Samantha, TN 62582",Y,miles
283,Candice Pratt,633-09-3507,"0915 Harris Grove
West Joshua, SD 47658",N,miles
284,Gail Smith,034-79-0381,"547 Nicole Ranch Apt. 621
Wrightstad, TN 98664",N,hours
285,Mark Kim,467-40-2341,"1491 Torres Neck Apt. 322
Kimberlyfort, OR 83187",N,miles
286,Christopher Carter,015-26-3951,"420 Kevin Lodge Suite 511
West Christophermouth, MT 03876",Y,hours
287,Kimberly Mack,139-54-7919,"0479 Farley Village
Atkinsonfort, PW 41325",Y,miles
288,Samantha Graves,471-87-7706,"540 Frank Flats Apt. 309
East Christopherborough, WA 24896",Y,miles
289,Adriana Wood,358-18-0406,"09611 Anderson Unions
Smithberg, VT 01578",Y,hours
290,Dylan Smith,374-60-3533,"20785 Wendy Forks
New Ryanborough, CT 33112",N,hours
291,Mr. Alan Martinez,441-68-1493,"1054 Marquez Alley Apt. 548
Lake Edward, AK 71120",Y,hours
292,Taylor White,527-15-0896,"202 Leach Alley
Christiefort, NV 21568",N,miles
293,Jeremy Carr,120-42-6652,"9227 Johnson Bypass Suite 885
West Kimberly, MI 70118",N,hours
294,Dawn Callahan,139-19-0734,"141 Anderson Lodge Suite 483
South Barbara, GU 10205",N,miles
295,Morgan Davis,188-41-2350,"586 Nelson Walks Suite 563
New Courtney, NJ 45093",Y,hours
296,Ashley Webster,692-23-1677,"55198 Brown Harbors Apt. 882
Williamsside, FM 10209",N,hours
297,Mark Flowers,134-26-9961,"919 House Fords Apt. 234
North Christian, MT 98362",N,miles
298,Tyler Garcia,875-48-6580,"21959 Sara Rue
Buckstad, MD 29733",N,hours
299,Melanie Reeves,332-05-1405,"984 Walters Terrace
West Chase, KY 83933",N,hours
300,Teresa Mathews,548-07-4093,"70625 Fuller Route
New Molly, HI 63696",Y,miles
301,Helen Carlson,263-44-8698,"93285 Hughes Fords Suite 465
North Ericashire, OR 69749",N,miles
302,Haley Fisher,162-84-0809,"PSC 9724, Box 9980
APO AA 21630",N,miles
303,Eric Murphy,177-41-9477,"5181 Jensen Junction
New Stacey, FM 44394",N,miles
304,Ashley Gomez,139-69-1275,"765 Simmons Stravenue Suite 408
Emilyberg, NV 30300",N,hours
305,Justin Mclaughlin,433-53-7305,"80974 Jesse Plain
Dustinchester, PA 87659",N,miles
306,Julie Anderson DDS,561-41-8533,"62028 Yang Station Apt. 313
North Carolynfurt, TN 04719",Y,hours
307,Emily Santana,021-12-6061,"48951 Rogers Corners Suite 478
South Brittany, WY 80903",N,miles
308,Colton Dudley,792-52-9032,"PSC 9273, Box 1483
APO AA 72930",N,miles
309,Maria Guzman,792-23-2821,"332 Roberson Junction Apt. 892
Port Richard, NY 82216",Y,miles
310,Jeremy Greer,632-24-3032,"845 Patrick Squares Apt. 905
Farrellborough, NM 65083",Y,miles
311,Michael Nunez,770-30-2071,"51310 Phelps Well Apt. 470
Colemanmouth, AZ 09076",Y,miles
312,Edward Flores,740-74-1509,"100 Ramirez Streets Suite 423
Georgeside, IA 64959",N,miles
313,Keith Schwartz,256-68-3831,"42670 Jacqueline Freeway
Robinsonton, KY 70871",Y,hours
314,Brianna Brown,745-63-2945,"Unit 2757 Box 0469
DPO AE 20188",Y,miles
315,Nicholas Robertson,155-39-2127,"279 Kayla Gardens
New Christinahaven, KS 63727",N,hours
316,Kristina Paul,781-64-3714,"139 Natalie Pine Apt. 489
West Phillipmouth, IA 40971",N,hours
317,Maria Cox,552-43-2088,"55862 Julia Cliff Apt. 337
Lake Brooke, DE 56609",N,miles
318,Derek Best,777-83-1511,"USCGC Armstrong
FPO AP 65051",Y,miles
319,Daniel Alexander,221-27-0764,"48288 Berry Mountain Suite 602
West Justinborough, ND 67111",Y,miles
320,Christopher Ferrell,265-45-3102,"68686 Terri Valleys
Albertbury, IA 28518",Y,hours
321,Carlos Petty,368-36-6750,"USS Berg
FPO AP 32304",Y,miles
322,Brittany Wolf,151-25-0733,"7252 Ballard Crossroad
Lake Dominique, PA 54801",Y,hours
323,Terri Peterson,415-50-0530,"Unit 5127 Box 1654
DPO AE 74286",Y,hours
324,Holly Pratt MD,132-76-2982,"69502 Pamela Spring Apt. 687
Lake Kyle, GU 54215",N,miles
325,John Campbell,366-82-2111,"9596 Rachel Field Apt. 961
Leeside, MA 91152",N,hours
326,Michael Patrick,718-94-2033,"895 Nicholas View
Rossbury, KY 09088",Y,miles
327,Heather Young,116-86-3364,"58945 Cherry Union
South Michael, DC 79380",N,miles
328,Morgan Roberts,762-43-8646,"6190 Henry Junctions Suite 134
New Laurashire, NH 59220",N,hours
329,Michael Small,879-69-7351,"63238 Evans Highway Suite 038
South Leahstad, KY 91744",N,hours
330,Dean Ruiz,114-39-7474,"PSC 6498, Box 3263
APO AP 49817",Y,hours
331,Tiffany Moore,248-03-3250,"Unit 9340 Box 0366
DPO AA 72119",Y,miles
332,Miguel Berger,297-36-7900,"0173 Robert Ways
Shawnville, GA 21904",N,miles
333,Ms. Morgan Hudson,713-81-5374,"0135 Scott Rue Apt. 666
Melissaton, GU 39847",N,hours
334,Frank Travis,209-07-0395,"654 Coffey Well Suite 588
Elizabethland, IN 41982",Y,miles
335,Tracey Lester,496-98-9698,"069 Cheryl Lights
Port Lawrenceburgh, AK 29811",N,miles
336,Jacob Fitzgerald,055-43-8697,"78123 Craig Streets Suite 857
Christianside, AR 71739",N,hours
337,Nicole Phillips,400-43-8756,"1618 Andrews Trail
Kevinton, NJ 31193",N,miles
338,Catherine Wilson,153-02-2315,"1128 Smith Inlet Suite 298
Sarahborough, VA 73256",N,hours
339,Ashley Thomas,688-76-6225,"3698 Houston Pines
Lake Joseph, WA 68524",Y,hours
340,Taylor Weaver,176-28-4778,"77176 Jose Plains Suite 413
Port Lisa, MD 78238",N,hours
341,Chelsea Rubio,333-98-2126,"70103 Deanna Oval Suite 024
Bethton, ID 24959",Y,hours
342,Susan Morgan,639-48-6962,"8361 George Passage
East Juliefurt, LA 49605",N,hours
343,Erin Coleman,002-76-9633,"150 Smith Walk
Hornland, IA 16110",N,hours
344,Joyce Carroll,272-62-3550,"3497 Heather Turnpike Suite 202
Brandiville, NV 18425",Y,miles
345,Karen Morton,028-64-4747,"84832 Owens Burgs
Davidmouth, VT 50778",Y,miles
346,Bradley Garrett,368-29-2015,"187 Andrew Drives
Cheryltown, NY 45836",N,miles
347,Olivia Willis,292-86-9451,"331 Garrett Radial
North Williamstad, MT 85272",N,miles
348,Megan Henson,254-22-1449,"185 Jones Throughway
East Jenniferburgh, MH 91227",N,miles
349,Steven Watson,752-83-3024,"04010 Rachel Mews Apt. 424
Parkfurt, KS 91606",Y,hours
350,David Crawford,434-78-8239,"7957 Ortiz Lights
Benitezport, KS 14602",Y,hours
351,Jennifer Douglas,198-51-1075,"56290 Wesley Square
Hendersontown, ME 80223",N,hours
352,David Lyons,217-73-2311,"87577 Brandon Fort
Lake Erictown, PA 20894",Y,miles
353,Carl Johnson,399-59-2731,"69847 Andrade Views
Escobarmouth, VA 79616",N,hours
354,Billy Wilson,027-43-4016,"598 Danielle Skyway
New Jennifermouth, WV 35288",Y,miles
355,Stephanie Gonzalez,538-75-6541,"2177 Natalie Flats Suite 299
Cohentown, MH 79546",N,hours
356,Andrea Noble,337-36-4713,"25985 Michael Forge Suite 602
Lake Dana, GU 77218",Y,miles
357,Mary Weber,712-81-8615,"14965 Abigail Fields Apt. 068
New Tannerhaven, AR 26968",N,hours
358,Rebecca Mendez,722-48-5682,"6856 Silva Walks
Joemouth, OK 89920",Y,miles
359,Michael Richardson,040-52-6886,"484 Mckinney Plain
South Victorstad, ME 28090",Y,miles
360,Heather Lawrence,225-26-0562,"77442 Theresa Inlet Apt. 464
Smithland, NE 68062",N,miles
361,Joshua Bennett,659-90-8818,"482 Chelsea Views Apt. 074
Gloriabury, TX 36822",Y,miles
362,Billy Murphy,700-29-0798,"9695 Williams Place
New Jamesborough, VT 30270",Y,hours
363,James Spence,146-66-0589,"822 Justin Cove Apt. 991
Ryanburgh, DC 67157",N,hours
364,Luis Mcknight,671-48-3308,"60989 Townsend Highway
Lake Timothy, CA 95309",Y,hours
365,Anthony Graham,873-39-2823,"03494 Knight Highway
Johnsonview, OK 11574",N,miles
366,Megan Johnson,005-20-2111,"12061 Thomas Summit
South Daniel, MP 23324",N,hours
367,Michael White,667-85-7372,"120 Brandy Lock Suite 811
South Jessica, CA 47131",N,hours
368,Katherine Warren,513-26-3886,"008 Howard Rapids Apt. 988
South Kenneth, FL 02518",Y,miles
369,Edward Brennan,784-75-4037,"285 Michelle Track
Port Joanne, MN 70096",Y,hours
370,Billy Tucker,030-74-3136,"4242 Erickson Mountain
Jorgetown, UT 49838",Y,miles
371,Lisa Elliott,120-99-4149,"070 Gregory Coves
Mckinneybury, FL 96465",Y,hours
372,Katie Swanson,839-01-4732,"323 Perez Circle
West Angela, OH 23750",N,hours
373,Zachary Smith,668-33-0616,"90158 Lisa Gardens Suite 509
East Ryanton, TN 05448",Y,miles
374,Andrew Fleming,405-05-3284,"4961 Smith Inlet
Lake Daniellebury, MI 60518",Y,hours
375,Jacob Olson,022-36-6801,"9435 Sierra Islands
Simstown, RI 25364",N,hours
376,Melissa Andrews,450-50-7413,"PSC 0760, Box 9951
APO AA 16468",N,miles
377,William Frank,432-67-8387,"Unit 0444 Box 9716
DPO AP 75602",N,hours
378,Joshua Massey,895-22-0328,"2430 Peterson Square Suite 339
New Barbara, HI 94456",Y,miles
379,Jerry Cruz,720-11-8244,"9130 Michael Forge Suite 039
East Katherine, NV 98583",N,miles
380,Donald Martinez,191-99-3859,"501 Carol Street Suite 368
Brendaburgh, ND 18923",N,miles
381,Chad Simmons,102-56-7432,"2041 Atkinson Trafficway
Sherryside, IN 48589",N,hours
382,Phyllis Thompson,225-58-5238,"24106 Arnold Row
Davidfurt, TN 31622",Y,miles
383,Ashley Hall,425-20-6843,"4512 Wilson Greens
Port Timothy, OH 99635",Y,miles
384,Olivia Sosa,025-50-3471,"40887 Elizabeth Loaf
Jamesstad, FL 06982",Y,miles
385,Andrew Brooks,441-62-5442,"6987 George Row Suite 850
West Lisa, KS 96775",Y,miles
386,Dennis Gray,719-92-5032,"1684 Dave Burg
Johnfurt, WV 49293",Y,miles
387,Travis Harris,469-58-3071,"901 Gonzales Neck
West Nicholas, NJ 73752",N,miles
388,Ashley Rodriguez,802-21-4720,"0011 Christopher Shoals Apt. 915
Scotttown, MA 62974",Y,hours
389,Jesus Landry,536-01-2016,"PSC 4134, Box 3935
APO AA 30290",N,miles
390,Alicia Brown,133-86-8895,"434 Mark Groves Suite 037
Lake Joshua, OH 82968",Y,miles
391,David Thompson,402-72-1271,"3879 Hannah Drive Suite 601
Robbinsmouth, SD 74375",N,hours
392,Victor Hardy,388-73-1915,"024 Jennifer Keys Suite 749
Patrickville, OR 77022",Y,miles
393,Connor Chen,069-59-7119,"0839 Michael Ways
Steveborough, CT 00588",Y,miles
394,Jason Gibbs,169-38-8257,"186 Hawkins Loaf Suite 591
Carterville, LA 79060",N,hours
395,Cody Maxwell,703-07-2316,"9987 Nelson Shoals
South Ronald, MT 96768",N,hours
396,Stephanie Nguyen,822-65-4396,"314 Thompson Lakes
Thomaston, SD 27753",Y,miles
397,Tina Jordan,229-86-7271,"89158 Parker Ports
Fergusonbury, MT 17925",Y,miles
398,Nicole Kelly,293-55-5851,"856 Bridges Ferry
Port Marktown, MP 77427",N,miles
399,Claire Holder,346-61-2435,"784 Taylor Overpass Suite 940
Melindaview, SC 09985",Y,hours
400,Carrie Mccoy,220-34-8299,"67660 Moses Common Apt. 625
Port Christyfort, OH 28380",N,hours
401,William Houston,460-33-9317,"8481 Mcpherson Tunnel
Lake Travis, IN 46338",Y,miles
402,Michelle Smith,549-09-1471,"91853 Lee Forks
Ashleymouth, NM 05573",Y,hours
403,Sarah Bentley,326-07-7455,"2974 John Fall Suite 208
East Debra, WY 34765",Y,hours
404,James Hawkins,298-38-9464,"153 Jackson Underpass Apt. 200
Jasonburgh, MT 20843",Y,hours
405,Michelle Coleman,816-75-6056,"1892 Gabrielle Court Suite 848
Port Joseph, WY 57255",Y,miles
406,Craig Randall,413-10-6955,"07809 Nicholas Lane
South Cherylbury, IA 25003",Y,miles
407,Derrick Ayers,033-27-7307,"528 Hampton Extensions
North Josemouth, WV 03181",Y,miles
408,Terry Hayes,199-01-7368,"11807 Williams Harbor
New Brandy, NJ 07621",N,hours
409,Brett Hancock,319-75-3088,"Unit 1105 Box 5238
DPO AP 51508",Y,miles
410,Desiree Sweeney,166-83-1473,"757 Edwin Highway
New Aliciaview, NH 01986",Y,miles
411,Lisa Garcia,056-16-8118,"5311 Nancy River Apt. 300
Heatherbury, OR 48860",N,miles
412,Emily Benson,195-98-9767,"1005 Smith Valley
North Steven, WV 55648",Y,miles
413,Jessica Stevens,852-88-5989,"078 Price Forks
Williamsburgh, MA 11686",N,hours
414,Janice Watson,459-94-1987,"72680 Saunders Trace Apt. 882
Port Steven, GU 52980",N,miles
415,Jose Pearson,782-77-9105,"1742 Cochran Squares
New Jessicamouth, MP 64212",Y,miles
416,Ryan Gay,898-69-8330,"7299 Rodriguez Overpass Suite 573
Robertsville, NE 94304",N,hours
417,Paul Kelley,794-75-0631,"99489 Kimberly Locks Apt. 938
East Barbara, FL 54004",Y,hours
418,Andre Powell,127-78-3657,"438 Delgado Causeway
Ericahaven, AL 88562",N,miles
419,Yolanda Reynolds,447-03-5796,"16740 Thomas Lock Apt. 494
East Adamhaven, IA 20522",N,miles
420,Justin Reyes,432-75-0203,"0278 Teresa Canyon
Beltranshire, LA 41788",Y,miles
421,Elizabeth Smith,747-14-5445,"415 Terry Glen Apt. 951
Hortonport, AZ 09246",N,hours
422,Aaron Gould,394-52-3093,"74281 Bruce Drive
North Brittany, MS 80615",N,hours
423,Jennifer Rios,090-99-6202,"34422 Dorothy Extensions Apt. 283
New Davidfort, ME 57487",N,hours
424,Shirley Brown,555-23-3689,"88424 John Place Apt. 569
Sextontown, SD 28058",Y,hours
425,James Torres,024-83-4156,"079 Elizabeth Drive Apt. 571
Mccoychester, WV 46702",N,miles
426,Tamara Leblanc,439-53-2334,"72018 Lewis Trace Apt. 032
Carlostown, VT 83807",Y,miles
427,Eric Fox,651-20-0355,"Unit 6031 Box 5531
DPO AE 15926",Y,miles
428,Johnathan Bullock,688-82-2492,"3434 Elizabeth Via Suite 066
Joshuabury, MD 68466",Y,hours
429,John Morgan,610-72-7141,"23573 Timothy Pike
Quinnborough, WY 89553",Y,miles
430,Michael Sherman,101-28-7665,"311 Crystal Locks
North Stephanie, PR 51107",N,hours
431,Beth Robinson,475-06-0635,"056 Kathleen Harbor
South Andreastad, DE 88365",Y,miles
432,Nicole Silva,190-32-7274,"4916 Paige Fields
Kennethberg, CA 46000",N,miles
433,Amy Turner,675-32-8856,"2869 Lisa Park Suite 527
West Peterburgh, MP 47860",N,miles
434,Diana Morris,042-29-4347,"18035 Kerr Ford
West Vickiland, TX 40226",N,miles
435,Andrea Grant,004-24-0396,"173 Craig Plaza
Morrisonchester, VI 58115",Y,miles
436,Alexandra Thompson,297-83-8164,"7845 Gary Skyway
Burnettville, MI 15758",N,hours
437,Angel Williams,403-52-2461,"7938 Russell Center
Arnoldshire, MP 97561",N,hours
438,Lori Chavez,178-25-5359,"41985 David Shore
Davisstad, NJ 11128",Y,miles
439,Matthew Garcia,149-07-9045,"293 Palmer Wells
Port Linda, NC 65700",N,miles
440,Joe Santiago,153-34-0964,"8536 Wiley Extensions Suite 207
Shepherdview, KS 07849",N,hours
441,Brenda Ellis,085-33-8623,"6520 John Common Apt. 206
Perezberg, WA 33254",N,miles
442,Michaela Young,202-29-7014,"48561 Mcknight Track Apt. 084
Mossburgh, KS 57019",Y,miles
443,Jack Young,403-87-1665,"031 Crystal Glen Suite 801
New Stevenchester, ID 52437",Y,miles
444,John Vazquez,282-52-3245,"PSC 4407, Box 8208
APO AP 44720",Y,miles
445,James Meyer,235-74-8219,"81728 Watkins Heights
Robinsonberg, CT 07234",Y,miles
446,Patrick Herrera,251-91-2604,"50534 Karen Court
Carlaberg, WA 36115",Y,miles
447,Cory Luna,867-25-7445,"948 Angela Tunnel
North Jenniferton, IA 39023",Y,miles
448,Dawn Doyle,466-07-5930,"11655 Haley Mills
Robertshire, IA 05496",Y,miles
449,Jennifer White,763-24-6327,"422 Daniel Fort
Andreastad, MI 41865",N,hours
450,Melissa Hodges,434-75-8151,"780 Hayes Port Apt. 121
Lake Antonioview, MD 45579",Y,miles
451,Samantha Vargas,835-59-9032,"403 Jackson Spring Suite 023
Brendastad, IL 79792",Y,hours
452,Jesse Cruz,582-92-8254,"36598 Victoria Meadow
North Michael, OR 00833",N,miles
453,David Cox,834-39-2021,"49647 James Stravenue Apt. 356
South Christopher, VT 28639",N,hours
454,Alicia Rose,447-48-3361,"5244 Raymond Run
South Michelle, OH 80364",N,miles
455,Larry Palmer,224-59-9547,"32557 Olson Club Apt. 602
East Allen, SC 86054",Y,miles
456,Nicole Montoya,659-26-2042,"Unit 8216 Box 5809
DPO AA 47785",N,hours
457,Nicholas French,109-93-2397,"1669 Jennifer Station
West Alejandro, MN 44802",N,miles
458,Charles Jackson,461-48-2820,"USS Lynn
FPO AA 25099",N,miles
459,Curtis West,195-61-3334,"749 Howard Ridge
South Williamhaven, MA 49929",N,hours
460,Stephanie Stevens,142-02-3266,"1948 Michele Walk
Scottview, MP 04379",N,miles
461,Cynthia Wilson,440-39-2930,"87436 Nicole Throughway Suite 466
New Amanda, UT 48720",N,miles
462,Chelsea Rogers,853-90-7262,"364 Flores Neck Apt. 534
Tracyburgh, CA 33554",N,miles
463,Paul Lewis,296-69-9809,"793 Curtis Way
Andremouth, SC 65511",N,miles
464,Antonio Davis,097-19-2505,"943 Erin Station Suite 305
North Heatherchester, MT 51799",Y,miles
465,Daniel Lee,332-96-6951,"56808 Park Pine
Hernandezmouth, MA 16780",Y,miles
466,David King,848-80-7080,"62976 Dawn Park Suite 282
West Derekmouth, SC 29117",Y,miles
467,Amanda Parker,527-44-6942,"2951 Douglas Knoll
Angelatown, PR 57227",N,miles
468,Karen Lynch,644-97-9612,"324 Jones Flats
Michaelstad, NC 24306",N,hours
469,Derek Luna,407-10-3408,"103 John Square Suite 347
Ashleyhaven, WA 94044",Y,miles
470,Thomas Patterson,890-79-7709,"93157 Nelson Plains
Mooneyfurt, WI 50809",Y,miles
471,Erin Rollins DDS,130-67-8688,"233 Young Terrace Suite 733
West Christophermouth, LA 20058",Y,hours
472,Shaun Smith,854-50-8958,"038 Luis Radial Suite 172
Lake Branditown, PA 47977",Y,hours
473,Jamie Roberts,507-92-0891,"Unit 5089 Box 5858
DPO AA 63732",Y,hours
474,Eric Carpenter,834-56-3351,"71269 Armstrong Passage Apt. 332
Nelsonmouth, RI 36077",Y,miles
475,Nancy Stewart,448-97-1721,"900 April Mountains
East Michellechester, NY 89154",N,miles
476,Ana Bautista,590-63-8005,"494 Kendra Branch
East Brittanystad, PA 90518",Y,miles
477,Cameron Brady DVM,029-67-9577,"87341 Shirley Mission
East Benjaminburgh, TN 98874",N,miles
478,Chad Malone,495-43-0652,"07418 Lindsey Hills
East Jamesstad, WV 35402",N,hours
479,Karen Blackwell,585-91-5594,"39561 Rebecca Haven
West Sallyfort, NE 30555",N,miles
480,Rebecca Ramos,742-88-9414,"75295 James Mountains
New Jamesfurt, ME 35425",N,hours
481,Amy Kirby,068-67-0923,"631 Christina Squares Suite 040
Robertsport, AZ 41458",Y,hours
482,Darrell Gibson,383-38-2930,"Unit 4270 Box 3654
DPO AE 46809",N,hours
483,Kimberly Jefferson,136-92-8604,"USCGC Miller
FPO AE 22883",Y,miles
484,Dana Rivera,464-08-7311,"751 Hess Cove Suite 308
West Michael, MA 64243",N,miles
485,Jessica Fuller,422-63-1718,"453 Jeremy Underpass Apt. 064
East Tina, NY 12269",Y,miles
486,Billy Moon,316-58-7450,"67880 Kristin Street
Castroberg, MS 05809",Y,miles
487,Ryan Reynolds,079-47-9938,"7745 Stevens Throughway Apt. 007
Heatherchester, TN 09473",N,hours
488,Diana Martin,625-94-4100,"135 Sandra Highway
Robertville, ID 58584",Y,miles
489,Brandon Carpenter,001-42-5676,"Unit 7133 Box 7671
DPO AE 92300",N,hours
490,Michael Moore,261-10-6596,"9325 Henry Port Suite 004
Shelbyland, NE 96920",N,hours
491,Kathleen Carter,013-14-2045,"4351 Yates Dam
North Maryborough, PR 93060",Y,hours
492,Maria Cain,004-09-9669,"9754 Leah Falls Apt. 044
Jenniferside, IN 64629",N,hours
493,Roger Nguyen,681-55-3355,"91048 Poole Hill Suite 314
North Nathanielport, RI 87316",Y,hours
494,David Rice,745-20-2296,"1221 Byrd Loaf Suite 180
South Alexandra, VT 75584",Y,miles
495,Kimberly Miller,785-97-2444,"8697 Wolfe Union
North Dennis, IN 45642",Y,miles
496,Michelle Roberts,283-89-8298,"0014 Jackson Cliffs Suite 179
South Amberville, SC 92614",Y,miles
497,Emily Pennington,723-83-2674,"3353 Sherri Fort Apt. 944
Lake Thomashaven, AR 08530",Y,hours
498,Melody Walker MD,870-69-6834,"10587 Jacob Circles
Garrettshire, RI 80040",Y,miles
499,Seth Warner,298-60-6333,"5913 Erika Crossing Suite 469
East Jameschester, TN 87932",Y,hours
500,Sean Brown,508-17-0013,"Unit 1890 Box 5590
DPO AE 19296",Y,hours
501,Anne Flowers,455-19-8719,"7598 Lydia Neck
New Derekton, UT 34901",N,miles
502,Christopher Bryant,033-74-0968,"7517 Garcia Wells
Port Christopherside, MI 43775",N,miles
503,Jenna Carney,286-95-0619,"1777 Ellison Expressway Suite 258
Guzmanborough, CO 36432",N,hours
504,Andrew Beck,385-44-5631,"94869 Little Vista Apt. 711
Martinshire, TX 95835",Y,miles
505,Mark Phillips,537-71-3930,"28544 Brittany Parkways
North Tiffany, KY 89176",N,hours
506,Carla Kelley,784-98-7732,"USS Smith
FPO AP 72052",Y,hours
507,Robert Thomas,429-33-1962,"41972 Rivera Locks
Morgantown, MT 26145",N,hours
508,Kelly Perez,517-41-5554,"234 Cody Circles Suite 200
Katherineburgh, HI 24408",N,miles
509,Samantha Nguyen,707-78-7783,"707 Thomas Port Suite 150
West Karenmouth, MN 73389",Y,hours
510,Paul Brown Jr.,307-81-7879,"731 Lambert Landing Suite 665
Lake Mark, CO 28327",N,miles
511,Thomas Aguilar,746-82-6873,"5972 Mary Valley
South Justinmouth, VT 61135",Y,miles
512,Hayley House,145-83-4260,"4523 Leah Haven
East Kimstad, OK 47489",N,miles
513,William Lee,694-44-7726,"51457 Brown Landing
Patrickview, AS 42122",N,miles
514,Christopher Simpson,083-45-8614,"93685 Morris Ramp
North Natalie, MI 97361",Y,hours
515,Susan Michael,449-17-0091,"40635 Rebecca Village Apt. 761
Stevensbury, NV 71554",N,hours
516,Robert Meyer,512-88-5582,"450 Green Gardens
Evanstown, NH 53708",Y,miles
517,Traci Wright,130-05-0775,"975 Debra Oval
Laurafort, HI 75998",N,hours
518,Angela Johnston,307-99-6685,"478 Roy Meadow
East Samuel, LA 97533",Y,hours
519,Michael Lloyd,606-43-9637,"7390 Mary Fall
North Brandon, ME 22121",N,hours
520,Tammy Ward,320-14-8766,"2281 Tammie Parkways
Crystalville, AR 46180",Y,hours
521,Brad Ray,334-20-8117,"8519 Warren Ranch
Port William, MA 51927",Y,miles
522,Julie Harding,376-48-6307,"9923 Fleming Lake
Stephaniemouth, NH 54514",Y,miles
523,Michael Carlson,454-77-0889,"194 Anne Bypass Suite 617
Santanaburgh, CT 60617",N,hours
524,Julie Newton,110-94-2066,"04348 Ronnie Branch
North Donaldburgh, WY 99236",N,miles
525,Natalie Grimes,770-26-9222,"363 Hill Well Suite 855
East Nicholasland, GA 23875",Y,hours
526,Anthony Zhang,673-28-6817,"4756 Lynch Landing Suite 090
New Ellen, ND 38091",Y,miles
527,Jerry Flowers,315-76-3064,"568 Bryan Turnpike
Merrittborough, KS 24381",N,miles
528,Kyle Mclean,140-10-8488,"921 Lisa Well
West Donaldhaven, WI 05588",N,miles
529,Whitney Daugherty,057-34-2510,"3724 Aaron Locks
Carsonmouth, OR 20024",N,miles
530,Robert Clark,387-71-7560,"49378 Gibson Ford
Cookefurt, LA 59220",N,hours
531,Kimberly Daugherty,565-12-4129,"9499 Joseph Path Suite 422
Annaburgh, OH 51779",N,miles
532,Vincent Johnson,861-58-1118,"927 Jennifer Oval
South Anthony, MH 36672",Y,hours
533,Sandra Compton,517-39-0147,"31864 Robert Plains
South Michelleland, MT 39952",Y,hours
534,Henry Miller,173-46-1909,"2021 Gonzales Stream Apt. 447
Mariamouth, NE 55743",Y,miles
535,Alicia Shea,811-28-9010,"9719 Jefferson Drives Suite 502
East Ashleyborough, CA 29469",Y,hours
536,Jared Perry,879-88-2070,"USS Ho
FPO AE 73163",N,hours
537,Kathleen Stewart,179-79-8813,"37832 Mcdaniel Underpass
East Alexistown, GU 17825",N,hours
538,Katherine Rice,852-49-4515,"995 Roger Well
North Kellymouth, SC 92498",N,hours
539,Jermaine Mcintyre,283-60-2603,"840 David Junctions
West Jerryton, TX 63399",N,hours
540,Michael Villarreal,494-70-3767,"3816 Steven Union
Stephenshaven, AL 52885",N,miles
541,Rebecca Ball,194-08-3186,"62754 Day Lodge Apt. 973
Susanfurt, ND 24574",N,hours
542,Jessica Valdez,898-31-3702,"1539 Gallagher Village Apt. 172
West Vanessabury, ID 19886",N,miles
543,Dr. Shawn Oliver,635-69-2684,"59084 Erika Groves Apt. 335
North Jamesfort, VA 09526",N,miles
544,Julia Morales,416-17-0146,"81614 Carlson Greens
Smithside, MD 84979",Y,miles
545,Victoria Lee,509-49-9003,"7711 Elizabeth Turnpike
Royton, CO 09582",N,hours
546,Shelly Cobb,711-66-8523,"11224 Garcia Tunnel Suite 339
Crystalchester, TX 74265",N,hours
547,Monica Zimmerman,487-07-4381,"35219 Kelly Circles
Brownton, HI 55570",Y,miles
548,William Smith,022-38-3824,"4574 Day Terrace Apt. 640
East Tyrone, PR 78417",Y,hours
549,John Yoder,247-41-6168,"7833 Elizabeth Creek Suite 945
Elizabethstad, AK 23786",Y,hours
550,Zachary Parker,001-91-1543,"8245 Woods Freeway Apt. 256
Shannonberg, GA 21770",Y,miles
551,Tracey Cox,497-58-5995,"4481 Campbell Trail Apt. 628
North Susan, CO 84297",N,miles
552,Thomas Martinez,593-24-5485,"4095 Dustin Station Apt. 231
Stewartview, WA 56970",Y,miles
553,Timothy Brown,023-29-9529,"78843 Smith Burgs
North Rachel, IN 02542",Y,miles
554,Miranda Kemp,589-43-1825,"5748 Martin Inlet Apt. 488
Hubbardshire, MN 97144",N,miles
555,Annette Gonzalez,492-70-0369,"257 Julia Island Suite 214
Owensmouth, ID 09230",Y,miles
556,Bill Brooks,459-48-2847,"96380 Humphrey Isle Suite 242
New Juan, NC 27336",N,hours
557,William Smith,444-15-3136,"58220 Bishop Extensions Suite 549
Lucasmouth, NH 37458",N,hours
558,Alan Harris,150-98-4387,"378 Keller Turnpike Suite 308
Lake Michael, ND 16905",N,hours
559,Rose Weeks,427-61-8265,"6529 Edward Place
East Timothy, GA 75594",N,hours
560,Thomas Ponce,784-04-1593,"988 Cynthia Avenue Apt. 028
Wendystad, GU 29308",N,miles
561,Shawn Rodgers,749-57-0713,"1636 Caitlyn Mountains
Phillipsside, DC 58760",N,miles
562,James Rodriguez,017-43-1307,"629 Joseph Point Suite 538
East Mary, AZ 56179",Y,miles
563,Mr. Michael Atkinson,424-20-2676,"94721 Hannah Corner
Savannahview, AZ 84174",Y,miles
564,Mary Ramirez,761-88-6433,"2312 Paul Manor
South Stephen, KS 77353",Y,hours
565,Steve Berry,821-87-8317,"137 Cobb Ville
Catherineton, OH 21187",N,miles
566,Tammy Moore,519-59-3416,"4325 Martinez Isle
North Kevinmouth, PW 67903",Y,hours
567,Loretta Powell,780-59-2104,"84975 Cody Centers
New Zachary, MP 62106",N,miles
568,Bradley Miller,726-21-6765,"082 Dunn Inlet Suite 160
Mooremouth, WI 33103",Y,miles
569,Deborah Sullivan,578-75-6819,"17896 Brian Cove
Mariashire, AZ 37878",Y,hours
570,Michael Ferguson,506-93-6273,"09586 Bill Mission Suite 198
New Kimberly, AZ 61865",N,miles
571,Kenneth Walker,454-86-9284,"8269 Lewis Fields Apt. 875
Murrayshire, MD 69119",N,miles
572,Jon Faulkner,042-12-8170,"9553 Eaton Creek Suite 308
West John, KS 40167",N,miles
573,Bianca Garcia,102-19-2500,"3427 Tucker Groves
Michaeltown, SD 47743",N,hours
574,Robert Turner,359-21-0109,"6733 Nguyen Shore
Port Cherylport, KS 55997",N,hours
575,Justin Garcia,248-88-8162,"8491 Martinez Locks Apt. 143
East Samantha, NJ 20464",Y,miles
576,Mary Smith,554-41-4492,"495 Goodwin Park
West Alex, AL 78459",Y,miles
577,Samantha Medina,467-19-3664,"44697 Reed Highway
West Rose, TX 67248",Y,hours
578,Michelle Martin,725-17-7494,"574 Smith Falls
West Brianburgh, NY 07517",N,hours
579,Chad Graham,780-80-0452,"81763 Lee Falls Suite 490
South Dawnview, KY 81436",Y,hours
580,Eugene Swanson,460-19-2088,"Unit 2163 Box 0148
DPO AE 88955",N,miles
581,Xavier Kelly,837-03-8595,"Unit 6261 Box 5318
DPO AP 72656",Y,miles
582,George James,166-18-0394,"9739 Jasmine Crossing
Mayerport, CA 48487",Y,miles
583,Donald Jones,475-01-8963,"3709 Jennifer Plaza
Cameronville, SD 74172",N,miles
584,Christopher Bowman,850-61-8154,"96458 Sloan Stream Suite 535
Lynchport, SC 93281",N,hours
585,James Howard,336-47-6506,"74495 Arnold Field
South Michellebury, MO 15509",N,miles
586,Brian Allen,726-18-3718,"95601 Mcclure Dale
North Heather, MO 95317",Y,hours
587,Charles Garcia,663-62-3909,"USS Thomas
FPO AP 80051",N,miles
588,Carlos Wong,298-31-5539,"29003 Bailey Lakes Apt. 492
New Madison, PW 91886",N,miles
589,Nathaniel Thompson,290-40-5311,"Unit 1774 Box 3231
DPO AE 82993",Y,miles
590,Maria Evans,256-30-7411,"646 Rodriguez Squares
Kellyland, MP 49994",Y,miles
591,Karen White,346-49-1917,"374 Rodriguez Trafficway
Kristafort, KS 00759",N,miles
592,Debra Estes,312-45-0275,"5220 Owens Lake
Brownland, AR 67141",Y,miles
593,Jasmine Anthony,098-80-0396,"27717 Clark Burg Suite 409
New Seanview, IA 15622",N,hours
594,Kevin Wilson,023-10-9239,"934 Murray Way
Port Ashleyfort, PA 73855",N,hours
595,Rachel Atkinson,677-24-4001,"9279 Austin Squares Apt. 637
Villanuevamouth, WI 89378",N,miles
596,Charles Miller,619-14-7861,"PSC 2286, Box 7824
APO AP 60401",Y,miles
597,Erica Williams,078-70-7796,"96359 John Causeway Apt. 652
Cookehaven, WA 54368",Y,miles
598,Andrea Huang,808-91-0914,"54294 Lin Green Suite 120
Lake Brianfort, MP 20799",N,hours
599,Steven Garrison,151-44-1166,"782 Debra Mews Apt. 806
Bryantown, DC 14252",Y,miles
600,Christine Grant,555-82-7915,"808 Cynthia Dam Suite 999
Ryanhaven, IN 68616",Y,hours
601,Benjamin Oneill,444-98-7659,"0809 Michael Neck Apt. 495
Jamesborough, ID 65404",N,hours
602,Cynthia Wells,193-91-7945,"2036 Carson Isle
Davischester, MD 99359",N,hours
603,Debra Carr,798-75-0976,"417 Fowler Village
Port Stevenfurt, OH 46216",Y,miles
604,Jennifer Perkins,027-33-4622,"154 Brad Common Apt. 277
New Tonya, MA 06556",Y,miles
605,Steve Munoz,266-24-0342,"694 Hansen Tunnel
Wilsonburgh, ID 06283",N,hours
606,Thomas Ortiz,492-45-2255,"05605 Wendy Ford
Catherineburgh, VT 18725",N,hours
607,Amanda Wells,599-17-0419,"Unit 1727 Box 5200
DPO AP 67191",Y,miles
608,Corey Alvarado DDS,723-23-6231,"00220 Christopher Square
Fisherburgh, VI 32485",Y,miles
609,Ruben Ryan,068-31-7823,"427 Brady Valleys
South Alicia, NJ 00647",N,miles
610,Martin Coffey,805-48-7597,"7730 Estrada Freeway
Garrisonmouth, AZ 08375",N,miles
611,Paul Boyd,246-19-9941,"81548 Brown Lodge
Anthonyport, MO 92508",Y,hours
612,Samantha Wheeler,295-66-0799,"9904 Blake Village
Turnershire, UT 63135",Y,miles
613,Julia Simpson MD,829-62-8828,"49878 Andrew Grove Suite 076
Reginamouth, NJ 18958",Y,miles
614,Mary Woods,828-09-0598,"868 Russell Valley Suite 713
Lake Melindafort, MN 87286",N,miles
615,Ashley Webster,677-73-2718,"PSC 3619, Box 6712
APO AE 21419",Y,miles
616,Jennifer Romero,673-57-7617,"7162 Sandy Inlet Suite 814
Port Brent, KY 78558",N,hours
617,Sarah Sanford,648-08-3726,"864 Guerrero Track
Patriciaville, OR 19584",N,hours
618,Drew Larson,649-74-9252,"9434 Joseph Cliff Suite 517
South Joy, IN 49123",Y,hours
619,Cindy Huber,343-66-8569,"2161 Clark Islands
West Alexandra, CA 97967",N,hours
620,Jonathan Beasley,164-92-3827,"9981 Gutierrez Streets Suite 924
West Yvonnemouth, GU 24089",N,miles
621,Alexandra Franco,206-68-4760,"6730 David Island
Michaelview, MA 65951",N,miles
622,Terrance Brewer,395-22-9518,"89023 Brian Villages
New Heidi, GA 56888",N,hours
623,David Ward,233-43-2426,"7802 Lewis Drives Apt. 664
Lake Natalie, MP 43837",N,hours
624,Brian Long,194-21-4237,"111 Gay Center Suite 252
Floydton, ID 48848",Y,hours
625,Joseph Walker,187-82-8179,"USCGC Wilson
FPO AE 33832",N,hours
626,Brett Scott,516-76-3320,"PSC 3457, Box 6621
APO AP 18878",N,hours
627,Tabitha Allison,058-01-0157,"26097 Burton Track Suite 562
Hannahchester, CT 12206",Y,hours
628,Rebecca Pena,148-13-0941,"28698 Brooks Heights Apt. 416
North Cynthia, CO 75875",Y,hours
629,Elizabeth James,159-29-5447,"055 Thomas Drives Apt. 405
Brownbury, HI 00574",Y,miles
630,Tamara Smith,348-19-4836,"1758 Ryan Summit
Lake Christopherview, MS 68685",Y,miles
631,Daryl Sawyer,706-99-8601,"57035 Sara River Apt. 269
South Juliehaven, LA 50960",Y,miles
632,Nicholas Ford,306-08-7544,"456 Robin Oval Suite 051
Huberbury, FL 92140",N,miles
633,Keith Frank,582-93-5249,"627 Crystal Mall
Lake Rebecca, GA 54047",Y,miles
634,Connor Jones,077-58-4975,"22790 Matthew Parkways Suite 267
Port Todd, NH 17051",N,hours
635,Kayla Gutierrez,590-82-2224,"02389 Amy Plaza Suite 264
Pollardstad, MH 99538",N,hours
636,Jennifer Lopez,648-11-1757,"50282 William Key Suite 515
East Susan, SD 20023",Y,hours
637,Jessica Lewis,179-09-6889,"489 Mckenzie Station Apt. 596
South Jacob, VT 78724",N,miles
638,Bradley Flores MD,075-41-2927,"17454 Tate Plaza Suite 528
East Shawn, IA 54358",N,miles
639,Sara Yates,064-71-5177,"180 Kelli Throughway
Gutierrezfurt, CO 27308",Y,miles
640,Melissa Santiago,822-73-5548,"2036 Murray Plains Suite 901
South Spencerview, NE 85553",Y,miles
641,Jamie Hicks,582-97-8804,"32539 Pamela Squares
Cruzhaven, WY 99793",Y,hours
642,Kristi Dawson,503-45-5410,"978 Medina Light
Jacquelinestad, AS 50564",Y,miles
643,John Jenkins,699-79-9808,"713 Pamela Walk
Elizabethberg, NJ 75007",Y,miles
644,Catherine Richardson,627-91-8914,"8248 Lynn Mill Suite 715
Christopherview, TN 40417",N,hours
645,Mark Brown,775-04-6106,"Unit 6820 Box 4485
DPO AA 27403",Y,hours
646,Crystal Gonzalez,662-48-1191,"4570 Ramirez Inlet Suite 850
Hillbury, LA 34176",Y,miles
647,Melissa Wallace,577-96-3157,"USNS Craig
FPO AP 48457",Y,hours
648,James Miller,587-79-8940,"68308 Erin Radial Suite 689
Angelafurt, AK 48568",N,hours
649,James Ramirez,181-49-0962,"Unit 2041 Box 1514
DPO AE 16481",N,miles
650,Erin Weber,332-20-7781,"64285 Lori Bypass
South Kathryn, SC 93310",Y,miles
651,Brandon Moore,129-54-5283,"9645 Best Common
Port Jamie, MP 41423",N,miles
652,James Hunter,006-59-6560,"22402 Monique Parkways
Thomasstad, CO 19864",Y,hours
653,Thomas Thornton,016-88-4383,"Unit 1988 Box 7359
DPO AP 47761",N,miles
654,Frank Williams,235-18-0428,"5448 Daniel Drive Apt. 779
East Angelaburgh, RI 28265",N,hours
655,Angela Mendez,539-83-6584,"154 Alicia Isle
Lake Mackenziefort, PR 40143",Y,hours
656,John Garrett,041-73-6563,"656 Wise Cliffs Apt. 119
South Barbara, FM 43630",N,miles
657,Brandon Hayes,829-56-8078,"6937 Hanson Throughway Apt. 424
Wrightbury, AL 42192",N,hours
658,Stacey Crane,094-95-5142,"USNS Wall
FPO AA 43064",Y,hours
659,Alexis Oneal,037-80-3903,"3289 Grant Cape Suite 826
Erinmouth, AS 77521",N,hours
660,Christian Mcguire,094-86-5808,"3434 Angela Mills Apt. 216
Caitlinburgh, OH 23674",Y,hours
661,Elizabeth Wolfe,727-80-4826,"380 Tara Passage Suite 789
Clairechester, NC 57102",Y,miles
662,Edward Charles,594-67-0460,"4057 Vega Hollow Suite 308
Murphyhaven, WI 97522",N,hours
663,Michelle Martin,021-27-1799,"20232 Steele Plaza
Martinshire, PW 72650",N,hours
664,Jonathan Charles Jr.,346-12-7531,"47667 Gregory Shore
Amberville, NE 63674",N,miles
665,Steven Rogers,379-78-4424,"87843 Taylor Ranch Suite 737
West Karenfurt, IA 21434",N,hours
666,Michelle Taylor,271-38-6674,"85018 Emily Plains Suite 171
East Jason, GU 03306",N,hours
667,Thomas Roman,430-92-6876,"17792 Christopher Grove
New Adam, WI 84268",N,hours
668,Karen Rhodes,327-90-1709,"163 Jesse Forges Suite 999
Melissaberg, NJ 40812",N,miles
669,Jacob Cruz,038-92-6259,"USNS Thomas
FPO AP 07246",Y,hours
670,Jennifer Ramirez,741-68-7467,"267 Ferguson Extensions Apt. 036
Barkerburgh, NM 33761",Y,miles
671,Cynthia Singh,402-58-3702,"67082 Andrea Islands
Gilbertport, LA 83323",N,miles
672,Michael Jones,808-50-1186,"441 Cruz Squares
Wallacehaven, IA 94532",Y,hours
673,Kevin Torres,051-24-3114,"53133 Perez Circles
Port Frank, MT 17966",N,hours
674,Deborah Lara,090-57-3025,"550 Mclaughlin Wall
New Brenda, NV 51889",Y,miles
675,Matthew Davis,528-54-7940,"2936 Danny Inlet
East Sophia, HI 05068",N,hours
676,Katrina Anderson,577-05-6820,"0183 Mayer Mission Apt. 920
New Jeffrey, WI 10389",Y,miles
677,Sarah Miller,225-50-3562,"6183 Jennifer Keys
North Melissa, GA 60711",N,miles
678,Darrell Rice,738-41-5079,"61043 Scott Rue
Princeside, NM 05893",N,hours
679,Terri Osborne,704-86-7124,"86523 Johnson Bypass
East Ryan, NY 41080",Y,miles
680,Sherry Savage,771-70-6007,"8466 Johnson Ports
East Danielle, IL 53410",N,miles
681,William Dougherty,107-79-3775,"54195 Jill Course
Jasonbury, OK 98565",N,miles
682,Haley Hull,113-18-3912,"76663 Sutton Pike Apt. 453
Rodgersbury, MO 51898",Y,hours
683,Austin Wood,138-12-2851,"872 Weaver Roads
Toddshire, AL 64562",N,miles
684,Karen Wilson,816-50-9009,"033 Coffey Fields
Savageport, WI 83424",N,hours
685,Rebecca Gardner,125-38-6724,"PSC 6540, Box 2800
APO AE 23785",N,miles
686,John Butler,822-99-0835,"013 James Mews Suite 168
Kevinview, SD 75841",N,miles
687,Julia Mack,007-09-4633,"03620 Steven Manor
East Charles, ND 30892",N,miles
688,Brandon Robinson,479-33-2692,"57348 Kerry Drive Apt. 072
West Emily, TX 22855",Y,hours
689,Kathryn Foster,767-64-4613,"2028 Patty Drive
East Ian, AR 00969",N,miles
690,Jessica Morgan,472-35-9624,"2791 King Hollow
South Kimberlyfort, MO 21009",N,miles
691,Paige Davenport,050-08-3786,"119 Brady Spring
Lake Kimberly, MT 42410",N,miles
692,Jennifer Cross,721-37-9324,"11409 Clark Row
Thomasborough, MO 13339",N,miles
693,Kimberly Johnson,610-74-6437,"52107 Barry Pine
Ginabury, MT 25265",Y,hours
694,Kim Rodriguez,053-68-8239,"57457 Rice Estates
North Alexandra, ME 89497",N,hours
695,Alexander Romero,781-60-1551,"155 Allison Loop Suite 339
Lake Oliviaburgh, VA 13942",Y,hours
696,Michael Larsen,032-27-6957,"398 Holloway Loop Suite 080
Krystalland, AK 02326",Y,miles
697,Hannah Cherry,123-73-3737,"7587 Taylor Port
Hansenfurt, KY 23462",Y,hours
698,Kathryn Johnson,323-01-9308,"136 Cindy Unions
Lake Robert, FL 07626",N,miles
699,Sydney Wright,718-05-5921,"2871 Jackson Parks
Michellemouth, VA 89478",N,hours
700,Cynthia Gonzalez,898-57-6876,"471 Alexis Springs
Johnside, WY 87044",N,hours
701,Adrian Harmon,501-12-4323,"56419 Nelson Streets Suite 621
Peterfort, PW 30611",N,miles
702,Jason Obrien,702-68-8991,"2208 Benjamin Avenue Apt. 927
Port Matthewburgh, ID 54120",Y,miles
703,Jessica Clements,801-30-1854,"2901 Cooper Lakes
Port Alexandria, IA 89709",Y,hours
704,Joseph Pope,092-03-1471,"PSC 7454, Box 8174
APO AA 05015",N,miles
705,Kimberly Jennings,366-45-8419,"52860 Quinn Light
Josephview, ME 80410",Y,hours
706,Donald Martinez,424-43-9469,"612 Renee Shores
East Sarah, MO 20220",N,hours
707,Pamela Jones,466-10-4342,"807 Clarence Groves Apt. 844
Jenniferton, OK 88793",Y,hours
708,Carl Jones,859-68-3023,"8337 Randolph Squares
Lake Jacobport, GU 23686",N,hours
709,Paul Hanson,619-15-7359,"94490 Kyle Fields
Wintersport, TN 59143",Y,hours
710,Mary Matthews,826-13-7722,"5313 Roberts Lodge Suite 133
North Dawn, UT 04145",N,hours
711,Lauren Gomez,649-61-1708,"882 Jones Mount
Jenniferside, NY 96217",Y,hours
712,Emily Smith,110-45-1455,"0518 Perez Keys
East Kelly, ME 42337",Y,miles
713,Kathryn Sanders,028-24-6543,"04057 Evan View
Thompsonborough, NY 47308",N,hours
714,Tammy Gray,485-54-7435,"027 Penny Extension
North Erikamouth, AR 73904",Y,miles
715,Julie Clark,011-80-7886,"2390 Carey Groves
Reneemouth, MO 91604",Y,hours
716,Wendy Jones,499-41-2201,"295 Massey Extension Suite 882
Lake Madisonfort, CO 53035",N,miles
717,Cristina Wilson,181-80-7852,"19899 Mosley View Suite 287
Troystad, UT 08024",N,hours
718,Jennifer Bowman,744-02-4072,"99888 White Wall Suite 359
Kristyshire, FM 64934",N,miles
719,Brianna Gibson,049-24-7408,"85845 Christine Shoal
Lake Jenniferland, GA 22824",N,hours
720,Aaron Harris,160-58-2839,"5119 Willis Knoll Apt. 879
New Aaron, MD 93675",Y,hours
721,Allison Crawford,337-39-1815,"9097 Jennifer Trail
Josephborough, NY 73600",Y,miles
722,Jose Green,173-39-7405,"5078 Hughes Radial
Catherinechester, TN 21750",N,hours
723,Nicole Salazar,114-23-5705,"43772 Thompson Turnpike
Allenstad, VI 70493",N,miles
724,Jessica Espinoza,079-31-9956,"097 Lisa Throughway Apt. 801
Mooneyville, FL 03434",N,hours
725,Desiree Anderson,661-77-7870,"0089 David Mission
North Lisa, MA 75819",N,hours
726,Tiffany Garner,500-96-3086,"29582 Rivera Hill
West Benjaminview, PA 20107",Y,miles
727,Russell Davis,481-56-4276,"PSC 4690, Box 5363
APO AE 87433",Y,miles
728,Tina Taylor,118-77-3161,"4796 Randy Parks Suite 938
Amandafort, NE 58679",Y,miles
729,Joseph Lopez,827-03-0301,"254 Sean Pass
Cassiefurt, MD 41923",Y,miles
730,Gabrielle Vega,717-96-2373,"47001 Wagner Rue Suite 442
New Ralphfort, KS 64967",Y,hours
731,Kathleen Cruz,057-19-4624,"7325 Gomez Roads
Haysbury, VI 19604",N,hours
732,Michael Mcclure,325-40-7872,"3514 Tonya Dam
South Janeport, FM 45829",N,miles
733,Roger Dean,109-77-4984,"6630 Kimberly Causeway Suite 994
Port Jenna, WA 26387",Y,miles
734,Alyssa Castro,620-89-1606,"321 Charles Park Apt. 057
East Brittney, MH 29078",N,hours
735,Melissa Mason,368-69-9930,"116 Ruiz Street Apt. 351
North Taylorville, FL 02780",N,miles
736,Karen Martin,180-49-5653,"96642 Davis Mission Apt. 816
North Daniel, NV 25081",N,hours
737,Erin Murphy,145-13-2271,"1305 Parrish Highway
Robertsonville, DC 98473",N,hours
738,Amy Ward,538-40-4740,"3224 Jordan Mill Suite 699
Flynnfurt, KY 94687",N,hours
739,Taylor Hoffman,127-11-1149,"484 Carrillo Gardens
Lake Megan, FM 22964",Y,hours
740,Alexander Cooper,462-94-7196,"Unit 2953 Box 2880
DPO AP 94406",Y,miles
741,Erica Jones,552-59-4108,"297 Mcdonald Burgs
Dakotaborough, NE 97479",N,hours
742,Allen Mills,036-28-0945,"809 Anthony Key
Angelaberg, DC 03626",N,miles
743,David Hanna,483-29-6574,"2671 Robinson Plains Apt. 245
East Mercedesmouth, HI 84283",N,miles
744,Tyler Jones,202-91-6647,"2479 May Canyon Apt. 308
Sarahstad, DE 95161",Y,hours
745,Lisa Ortiz,878-99-3880,"03814 Lydia Squares
Johnsonborough, MD 71632",Y,hours
746,Heather Adams,335-55-1444,"1865 Adrian Meadow
South Thomas, PW 55663",N,miles
747,Elizabeth Johnson,776-35-8101,"694 Mcclain Union
East Maria, HI 04600",N,miles
748,Brittany Salinas,385-52-4974,"06827 Brian Knolls Apt. 269
Port Carrieshire, WV 14334",N,hours
749,David Matthews,555-60-2422,"72975 Cathy Row
Duncanhaven, WY 29032",N,miles
750,Joe Young,156-07-0683,"28848 Hall Flat Apt. 388
Coreyshire, MD 07799",Y,hours
751,Dr. Adrian Brown,721-26-0457,"52434 Martin Fort Suite 017
Hallbury, KS 01515",Y,hours
752,David Baldwin,155-78-5076,"97425 Ewing Row
North Kyle, MN 08358",Y,hours
753,Misty Williams,801-82-6345,"3097 Cooper Parkway Apt. 563
North Dennis, RI 05998",Y,hours
754,David Kidd,034-73-6081,"PSC 9294, Box 2749
APO AP 88130",Y,miles
755,Mark Thomas,424-94-8286,"02623 Potter Roads Suite 211
Schmidtberg, AK 03660",N,miles
756,Thomas Harding,515-95-9564,"274 Howard Points Suite 904
Lake Alexandrachester, MO 52946",Y,miles
757,Robert Benson,811-40-4573,"Unit 2608 Box 3414
DPO AA 96890",N,miles
758,Elizabeth Wilkerson,885-47-9445,"3824 Travis Fords
Port Markbury, SD 05057",Y,miles
759,Sharon Matthews,361-98-2176,"5694 Lopez Junctions Suite 990
Lake Yolanda, TX 03365",Y,miles
760,Stephanie Johnson,513-45-8272,"71259 Green Circle
South Barry, NJ 97496",Y,miles
761,Katherine French,474-40-1138,"858 White Loop
Brianberg, WV 85215",Y,miles
762,Scott Klein,312-23-3944,"08113 Richards Isle
Lake Michaeltown, PW 03682",Y,hours
763,Jesse Hardin,608-75-7325,"66971 Hannah Wells Suite 032
Williamsside, OH 47554",N,hours
764,Jacqueline Peterson,864-51-8031,"453 Dean Turnpike Apt. 332
East Daniel, NE 77262",Y,miles
765,David Roth,546-50-5896,"461 Phyllis Terrace
South Maria, IL 66519",Y,hours
766,Mary Sanders,604-89-1783,"773 Christine Stream
Jeanland, PR 26382",N,hours
767,Valerie Benson,053-23-5260,"0377 Cindy Gardens Suite 819
South Sandyborough, IL 46891",Y,miles
768,George Johnson,495-43-2534,"PSC 6012, Box 6535
APO AE 56756",N,miles
769,Vanessa Sullivan,140-18-1967,"Unit 6363 Box 7730
DPO AA 44711",N,miles
770,Sharon Camacho,860-82-4661,"1878 Jeffrey Lakes Suite 850
Jamesville, SD 09714",N,hours
771,Shawn Grimes,331-89-8122,"0021 Darlene Valley Suite 544
Garciamouth, PW 65108",N,hours
772,Meredith Chandler,161-20-8161,"731 Daniel Plains Suite 884
South David, WV 58806",Y,miles
773,Stacy Johnson,787-34-8934,"4831 Mark Underpass Apt. 881
Thomasfort, NM 65202",N,miles
774,Mark James,001-15-3988,"0515 Yoder Brook Suite 177
Mirandatown, NV 43217",N,miles
775,Wesley Bentley,790-37-7052,"48763 Anita Haven Suite 601
Michaeltown, MO 85418",Y,miles
776,Dr. Janet Gomez,037-21-3091,"87721 Gregory Parkways
North Kelliside, VA 41207",Y,hours
777,Todd Freeman,440-96-2036,"467 Fernandez Ville
East Ellenbury, FM 06434",Y,miles
778,Michael Ray,788-24-9801,"PSC 5495, Box 3884
APO AA 43348",Y,hours
779,Cynthia Fischer,647-23-8848,"7720 Margaret Flat Apt. 646
South Crystal, AK 02555",N,hours
780,Carol Robinson,227-99-6882,"514 Garcia Throughway Apt. 140
Staciemouth, PW 74083",Y,miles
781,Michael Mckay Jr.,171-43-2022,"8507 Kara Unions Suite 954
Cynthiashire, NE 29977",Y,miles
782,Tiffany Soto,312-97-3746,"669 Sabrina Knolls Suite 925
Nicoleshire, HI 11430",N,miles
783,James Grant,604-94-1134,"USNV Flynn
FPO AP 04654",N,hours
784,Kelsey Wyatt,793-27-5806,"953 Hart Port Suite 927
East Stacie, MP 65701",Y,hours
785,Tyler Anderson,392-93-5317,"577 Dakota Bridge
Jasonshire, CA 22339",N,miles
786,Deanna Dixon,145-10-6645,"04160 Rebekah Lock
Martinton, LA 09399",Y,hours
787,Richard Vance,784-36-8098,"PSC 1907, Box 4271
APO AE 63535",N,hours
788,Chris Smith,751-76-2469,"19369 Tina Mews
Craigview, GU 61582",N,hours
789,Faith Simpson,809-24-3531,"2049 Julie Port Apt. 497
New Kristen, CT 49837",Y,miles
790,Robin Tyler,339-31-4122,"69445 Eric Villages Apt. 934
Kennethmouth, SC 39090",N,miles
791,Tasha Weeks,535-22-9293,"95307 Courtney Trafficway Apt. 279
South Lisa, WY 11688",Y,miles
792,James Logan,366-08-2540,"21815 Daniel Branch Suite 310
Baileyville, NC 90287",Y,hours
793,Alexander Mcdaniel,810-36-1547,"5275 Oscar Mountain
Carolynland, MP 72009",N,hours
794,Jillian Mitchell,267-31-0709,"6032 Wood Creek
East Jamie, NJ 77013",Y,hours
795,David Anderson,762-21-7460,"590 William Stravenue Suite 508
Port Christopher, SC 83031",N,hours
796,Steven Franklin,222-77-5979,"0346 Jeffrey View
Tracymouth, MT 71874",Y,hours
797,Austin Singh,590-03-3126,"0491 Hall Fork
Webbton, KY 33040",Y,hours
798,Jesse Alexander,556-29-3073,"USNV Parker
FPO AE 81199",Y,hours
799,Austin Thomas,126-89-0835,"833 Kelsey Lane
Oliviaburgh, GA 62858",N,miles
800,Jamie Elliott,323-34-7254,"078 Lisa Shores
North Madelineburgh, MP 33729",Y,miles
801,Raymond Gray,600-02-5955,"4207 Donald Ports Suite 802
Adamborough, IL 61812",Y,miles
802,Kevin Rodriguez,339-14-7844,"PSC 9358, Box 1847
APO AE 10683",N,miles
803,Christopher Terry,464-93-5950,"4762 Kathryn Valleys
Lisaville, CO 45705",Y,miles
804,Jamie Smith,402-26-7732,"0424 William Springs
Brianville, IA 13406",N,miles
805,Thomas Kane,143-26-6193,"02817 Danielle Throughway Suite 419
Woodsmouth, VI 67314",Y,miles
806,Tiffany Estes,162-59-9623,"49192 Wilson Cliff Suite 543
Carolport, GA 59157",N,miles
807,Sarah Mack,452-31-9242,"200 Long Inlet
Robbinsfurt, MH 55471",N,miles
808,Timothy Thomas,163-62-3115,"4620 John Coves Apt. 754
South Donaldshire, DC 08701",Y,hours
809,Yesenia Pittman,842-01-0657,"691 Howard Point
Burketon, OR 48265",Y,hours
810,Joanne Calhoun,572-70-4129,"0510 Stephens Spring Suite 901
Billyshire, WI 29182",N,miles
811,Victoria Paul,467-88-6523,"714 Ernest Hills
New Carol, HI 51428",N,miles
812,Johnathan Burch,085-29-9002,"390 Connor Cape Suite 802
Valenzuelaberg, IN 80173",N,miles
813,Erika Klein,887-07-1164,"47061 Charles Meadow
North Raymondmouth, OH 64872",N,hours
814,Jesse Anderson,486-76-9424,"12145 April Lane Apt. 754
West Dustin, MI 47870",N,miles
815,Antonio Jackson,402-49-2643,"3703 King Manor Apt. 279
Kimberlystad, MP 43039",N,hours
816,David Meyers,581-58-6842,"Unit 6744 Box 7262
DPO AP 77831",Y,miles
817,Bradley Sanchez,578-39-1368,"6328 Stephanie Union
South Johnny, PR 12148",Y,hours
818,Christopher Snyder,188-03-3923,"9564 Thompson Expressway
New Ryanport, AZ 35707",Y,hours
819,Patrick Patterson,293-88-0556,"12032 Rebecca Shore Apt. 809
Riceville, WI 13955",N,miles
820,Erin Bryant,536-31-8514,"08591 Shah Highway
Thomastown, TX 11752",Y,hours
821,Renee Griffith,536-63-5145,"Unit 0144 Box 3815
DPO AE 85189",N,miles
822,Keith Clark,878-32-7865,"7416 Brent Highway Apt. 565
Robertton, HI 75278",N,hours
823,Brent Hernandez,559-15-5361,"0845 Joshua Shoal Apt. 403
South Craig, SC 79802",N,hours
824,Erica Smith,796-21-9675,"1080 Andrews Well Apt. 194
Port Samuelburgh, WV 96160",N,miles
825,Daniel Franklin,501-23-0358,"237 Hannah Rest Suite 072
Port Feliciaburgh, MD 61885",Y,miles
826,William Perry,877-23-0759,"62910 Hines Divide Apt. 586
Pamelaton, OR 01820",N,miles
827,Jody Wilson,478-73-4249,"14067 Steele Course
South Chelseastad, UT 26984",Y,hours
828,Anthony Giles,203-33-3158,"89548 Oneal Mews Suite 961
Lake Alexa, PW 28382",N,miles
829,Robert Underwood,702-28-5697,"715 Lewis Rapid Suite 754
West Renee, MN 18622",N,hours
830,Rodney Johnson,495-70-4813,"769 Kyle Cape Suite 374
West Jesus, CT 99918",N,miles
831,Jill Weber,706-97-8812,"5694 Davenport Rue Suite 408
North Brian, FM 19426",N,miles
832,Steven Chandler,488-44-9185,"31917 Beltran Ports Suite 522
Andrewchester, MI 74240",N,hours
833,Marcus Jimenez,313-53-2132,"512 Jeffrey Roads
Lake Susanfurt, VI 64916",N,hours
834,Jill Miller,170-93-8122,"229 Medina Parks
Carlsonmouth, WY 46329",N,hours
835,Shannon Miller,436-18-1669,"003 Marc Coves
Jacksonton, WI 79460",N,miles
836,Elizabeth Harris,346-82-3197,"816 Michael Place
Rodgersfurt, MA 20768",N,hours
837,Jermaine Davis,219-48-2617,"02891 Sheryl Spurs Apt. 302
Port Johnchester, WA 54625",N,hours
838,Cheyenne Benson,723-98-9460,"241 Lisa Key
Lake Heidimouth, NV 00754",Y,miles
839,Lisa Proctor,517-43-1177,"00112 Taylor Pass Suite 776
New Lisa, FM 39918",Y,miles
840,Patrick Parker,097-25-1943,"86939 Brian Avenue
Jocelynhaven, WI 38028",N,hours
841,Alicia Arnold,492-36-2454,"89950 Ashley Tunnel
Reneeland, NH 61779",N,miles
842,Jacqueline Shields,383-29-7334,"556 Santiago Fork Apt. 223
East Robin, HI 62555",Y,miles
843,Matthew Steele,554-12-4828,"54401 Brandon Locks Suite 454
Lake Richardchester, DE 41841",Y,hours
844,Anthony Perez,844-91-7356,"19955 Jones Springs
Samuelview, AS 43986",Y,miles
845,Kendra Wilson,594-51-9235,"8264 Kathleen Oval
Anitabury, NH 84657",N,miles
846,Anna Miller DVM,784-10-6313,"554 Nicholas Isle
Lake Christopher, IL 90111",Y,hours
847,John Garcia,306-31-0721,"181 James Parks
Jasonfort, AL 12642",N,hours
848,Maria Davis,830-10-7162,"45980 Joshua Dale Apt. 666
Lake Kelly, IN 96436",Y,hours
849,Barbara Williams,843-34-0135,"860 Gallegos Rapids
South William, MT 36409",N,miles
850,Jennifer Green,078-56-8922,"450 Powell Points Apt. 970
Keithhaven, AR 21743",Y,hours
851,Wendy Young,196-46-4435,"428 Byrd Terrace Suite 751
South Kimberly, NJ 01001",Y,miles
852,Cynthia Robinson,139-83-2068,"164 Miller Light Suite 372
North Conniemouth, WY 70715",N,hours
853,Carlos Murphy,199-01-6008,"703 Cohen Lock
Martinezton, LA 60854",N,miles
854,Olivia Mckay,731-14-4666,"7677 Bennett Rue Suite 537
New Brandon, NC 45093",N,hours
855,James Bryant,799-12-3376,"0105 Wilson Centers
Clarkside, AZ 88631",N,miles
856,Sheena Williams,818-61-8253,"260 Hansen Village Suite 378
Meyersmouth, WV 03246",N,hours
857,Amy Briggs,532-93-1715,"9979 Porter Port Apt. 226
Danachester, DE 75965",Y,miles
858,Taylor Mendoza,358-01-9910,"96532 William Prairie
Phamport, MT 97309",N,miles
859,Abigail Brown MD,062-60-8483,"8805 Daisy Wells Suite 699
Ritafort, CT 40461",N,hours
860,Colin Wilson,611-52-2533,"04634 Mckinney Union Suite 670
New James, MT 52863",Y,miles
861,Taylor Bailey,185-19-2923,"94300 Stanton Falls
Lake Kelseyshire, AZ 31942",Y,hours
862,Belinda Rogers,215-99-3110,"09499 Brown Union
Lake Amanda, WY 43693",N,miles
863,Kenneth Gould,684-62-4835,"512 Martinez Hill Suite 036
Elizabethland, LA 25500",N,miles
864,Robert Kim,348-93-7307,"864 Garner Isle
Lake Andrew, VT 09486",N,miles
865,Jessica Morrow,572-52-9385,"7659 Smith Circles Suite 388
Mooreshire, MA 79859",Y,miles
866,Dennis Freeman,737-54-6083,"389 Ward Meadow Suite 830
Joshuastad, DE 19901",Y,miles
867,Tara Ingram,507-90-8139,"75210 Myers Brooks Suite 327
Cynthiashire, NY 26521",N,miles
868,Logan Russell,867-79-4235,"2058 Velez Road Suite 940
Antonioshire, NY 16055",N,miles
869,Ashley Montes,862-09-0141,"USS Lawson
FPO AE 09945",Y,miles
870,Victoria Johnson,077-21-7001,"6608 Tom Freeway Apt. 791
Jayshire, NJ 50602",Y,hours
871,Eric Smith,376-19-7761,"9502 Scott Pines Suite 697
Williamsmouth, AR 95769",N,hours
872,Rachel Green,877-90-6696,"10910 Daniel Keys
East Sethton, MO 39085",Y,hours
873,Travis Gonzales,806-50-5996,"6043 Rush Harbor
West Sean, GA 55082",N,hours
874,Jacob Myers,804-98-3445,"037 Patel Hills Apt. 863
Susanstad, GA 77697",N,hours
875,Elizabeth Hughes,051-80-7205,"3300 Amanda Squares
East Nancyport, PW 45933",Y,hours
876,Sarah Wang,025-07-3462,"97055 George River Suite 723
Kentborough, MD 11315",Y,hours
877,Mallory Esparza,766-88-6602,"043 Ochoa Avenue
New Melissa, NC 41107",Y,miles
878,Brian Perry,775-77-6598,"15567 Sara Greens Suite 163
Robertside, RI 79328",Y,miles
879,Ronald Smith,629-56-3149,"43840 Cruz Parkway Suite 912
Kellyton, DE 40833",Y,miles
880,Kathryn Walker,246-07-7835,"79103 Katherine Islands
Kristophermouth, NV 13612",N,miles
881,Christy Harris,636-74-2208,"PSC 7578, Box 0468
APO AE 34147",N,hours
882,Katelyn Elliott,178-56-7387,"27688 Raymond Heights
South Danielleview, MT 85386",Y,hours
883,Jennifer Cantu,048-48-3037,"2503 Taylor View
South Christopher, NC 09842",Y,miles
884,Samuel Sanders,715-73-0526,"20822 Manning Common
Randyside, MI 91944",N,miles
885,David Rodriguez,590-94-9943,"582 Page Divide Suite 367
South Leslieborough, OH 31806",Y,hours
886,Anna Burnett,773-81-4405,"2685 Sandra Corners Suite 176
Gonzalezshire, NE 86977",Y,miles
887,Jay Dillon,486-99-2909,"716 Olsen Lights Suite 593
Port Gloriaborough, AS 26986",Y,hours
888,Brad Fleming,833-66-8568,"959 Derek View
Port Francesville, GA 73648",N,hours
889,Paul Williams,898-07-7654,"Unit 3188 Box 7752
DPO AA 33806",Y,hours
890,John Wyatt,001-25-1990,"2113 Thomas Points
North Annaberg, CT 43651",N,hours
891,Nicole Harper,792-95-4927,"815 Cooper Garden Apt. 320
Tinaport, MA 08004",Y,hours
892,Thomas Jones,329-51-4599,"40036 Monica Squares Suite 299
West Stephanie, UT 60790",Y,miles
893,Anthony Warren,539-03-1849,"0833 Shannon Pine
Edwardhaven, MI 66549",Y,miles
894,Andrea Wright,005-15-0509,"95005 Hughes Plaza Apt. 721
Lake Joseport, MT 68226",Y,miles
895,Megan Moore,384-56-5968,"3609 Rodriguez Mountains Apt. 945
East Jorge, TX 11739",N,miles
896,Kelly Jones,397-40-3175,"405 Breanna Street
Jensenhaven, NJ 46645",N,hours
897,Debbie Garcia,141-22-3824,"00223 Christopher Squares
Lake Emilyview, CA 54483",Y,hours
898,Alexandra Hill,038-34-9687,"PSC 0387, Box 0316
APO AP 76960",Y,miles
899,Robert Lee,234-28-7104,"0245 Jason Expressway
Cookside, TN 43264",Y,miles
900,Theodore Parker,569-33-2089,"26951 Madison Ridge
Quinnbury, KS 90162",N,hours
901,Cynthia Reed,252-35-0005,"54336 Beth Well Apt. 911
New Roger, AZ 27300",N,miles
902,Shawn Pope,504-25-2678,"905 Rodriguez Place Suite 927
Paulaland, IA 31435",Y,miles
903,Gregory King,391-99-4098,"33981 Anthony Run
Johnfort, NJ 42912",Y,hours
904,Robert Sanchez,629-16-3268,"13477 Short Light
Tonybury, VI 34800",N,hours
905,Summer Grimes,457-94-2089,"24762 Jackson Corners Suite 220
West Crystalland, NH 59607",N,miles
906,Stephen Warner,143-77-6882,"743 Roach Locks
West Benjaminland, KS 53207",Y,hours
907,Kevin Ramirez,709-65-9226,"7509 Tim Ford
Lake Maria, MT 47597",Y,hours
908,Donald Conway,585-32-0209,"PSC 0201, Box 4351
APO AP 02722",N,hours
909,Sarah Lewis,724-98-8922,"43623 Antonio Greens
Morrisburgh, NM 63671",N,miles
910,Samantha Mann,395-57-9654,"776 Jeffrey Village
New Jenniferburgh, MN 72119",Y,hours
911,Craig Dodson,499-04-4980,"490 Lisa Green Apt. 789
Port Jeff, UT 86534",Y,hours
912,Mackenzie Ellis,389-50-9949,"137 Paul Springs
Mcknightmouth, SD 48629",N,miles
913,Henry Johnson PhD,145-38-6852,"52575 Cook Summit
Mullinsfort, WA 79549",Y,miles
914,Mark Owens,265-57-3456,"739 Patrick Groves Suite 953
New Elizabethborough, ID 74815",N,miles
915,Jennifer Jordan,066-37-6805,"29296 Jenny Station Apt. 481
South Angela, IA 16873",Y,hours
916,Derek Wallace,240-93-1068,"541 Sims Neck Suite 780
South Bobby, OH 67790",N,miles
917,Martha Hamilton,081-20-8919,"Unit 0029 Box 8726
DPO AP 03306",N,hours
918,Nicholas Williams,537-20-6959,"18360 Diane Manor
Taylorport, FL 55136",N,hours
919,Thomas Johnson,341-44-0164,"115 Rodriguez Turnpike Apt. 266
Angelamouth, ND 96774",N,miles
920,Dana Rodriguez,456-93-5277,"56774 Thompson Stravenue Suite 443
Lisaburgh, DC 55054",N,miles
921,Joshua Hardy,007-51-5549,"11518 Ballard Streets Suite 390
Lake Elizabeth, MI 31100",N,miles
922,Patrick Berry,449-57-7230,"6561 Warner Parkway Apt. 073
Summerschester, NH 25906",Y,hours
923,Evan Walker,766-48-1412,"377 Matthew Inlet
Barrport, NC 82921",Y,hours
924,Melissa Gamble MD,266-24-8085,"637 Le Harbor Suite 482
Scottfurt, RI 22168",Y,miles
925,Eric Pierce,136-63-7284,"87093 Morris Knoll Suite 321
Port Maurice, NE 89885",Y,hours
926,Keith Rodriguez,783-31-0726,"67896 Kelsey Ridge Apt. 702
Henryside, ND 89585",Y,miles
927,Lynn Austin,068-61-4592,"93551 Sheena Ferry
South Theresabury, CT 84784",Y,miles
928,Bryan Snyder,656-79-9337,"19241 Swanson Knolls Apt. 567
Lake Patrick, NC 10837",N,hours
929,William Vaughn,567-22-8648,"26405 Edwards Course
North Markburgh, MN 52971",Y,miles
930,Jessica Black,507-45-7587,"272 Keith Road
Pennyshire, UT 19421",N,miles
931,Eugene Castillo,654-61-4210,"04254 Butler Street
Lake Donaldtown, MI 14341",N,hours
932,Christopher Rogers,403-06-0676,"131 Gary Orchard
Watsonview, GU 19799",Y,miles
933,Andrea Jones,824-73-2674,"17048 Gallegos Pines
Jonesview, PA 74100",N,hours
934,Larry Johnson,172-49-7839,"USS Mack
FPO AP 00832",Y,hours
935,Emily Woods,573-47-1624,"PSC 6850, Box 6051
APO AP 27782",Y,hours
936,Ian Smith,458-43-4067,"0021 King Road Suite 446
Jeffreyville, AL 86983",N,hours
937,Matthew Lawson,341-98-6426,"487 Mendoza Circles Suite 483
Lake Stephanie, AZ 74055",Y,hours
938,George Hoover,203-53-9570,"PSC 5400, Box 9969
APO AP 85590",Y,miles
939,Victoria Walsh,580-11-3849,"750 Taylor Shores
Lake Kennethland, NE 90831",Y,hours
940,Michele Torres,331-34-5758,"459 Freeman Circle
Rossland, MO 61879",N,hours
941,Kiara Wiggins,598-85-0621,"Unit 6915 Box 1698
DPO AP 20076",Y,hours
942,James Fisher,159-97-2261,"3466 Durham Shoal
Torresville, SD 80162",Y,miles
943,Mathew Ramos,887-66-8685,"163 Christopher Trafficway Apt. 010
Taylorborough, RI 23941",Y,miles
944,Michael Wright,779-97-1729,"23620 Teresa Circles
Andrewfurt, KS 18003",N,hours
945,Christian Stephens,421-47-7500,"560 Jesse Tunnel
West Julie, FM 11958",Y,miles
946,Dominique Black,817-13-1566,"070 Baldwin Corners Apt. 907
Angelafurt, AZ 29381",Y,hours
947,Robert Woods,736-13-3764,"83973 David Garden Apt. 768
Rebekahburgh, GU 83695",Y,miles
948,Shawna Fields,795-16-3575,"797 Peterson Ridges
West Wesley, AK 50786",Y,hours
949,Timothy Flores,725-86-9900,"675 Brandon Glen Suite 787
Brianport, TX 48107",Y,hours
950,Carol Diaz,472-04-9590,"94291 Paul Spur
Greenborough, MT 94109",N,hours
951,Aaron White,437-81-6992,"8554 Shannon Park Suite 312
West Brittney, LA 25836",Y,miles
952,Alexander Rodriguez,422-93-6453,"592 Luna Knolls
Timothyland, OK 39357",Y,miles
953,Sharon Campbell,410-93-3388,"93082 Michael Mills
Lake Tammy, VA 69354",N,hours
954,Antonio Bradford,334-42-1979,"3491 Perez Views Apt. 502
Williamsshire, IL 19612",Y,hours
955,Gwendolyn Moreno,829-70-9119,"57076 Stacy Prairie Apt. 472
North Melissa, IN 78744",Y,miles
956,Dale Hardy,538-58-4923,"1466 Michael Valley
New Joseph, AZ 16633",N,hours
957,Jerry Bishop,111-42-6152,"65204 Lori Ports Suite 748
South Jack, AK 25441",N,miles
958,Dr. Olivia Jackson MD,358-58-0714,"8787 Clark Extensions
Carolineport, GU 07685",N,miles
959,Heidi Wade,266-34-7503,"460 Rhodes Knolls Apt. 462
Haleyfort, ND 13790",N,miles
960,Rhonda Macias,842-98-5189,"037 Horton Station
Maysmouth, LA 74092",N,hours
961,Melissa Hodge,251-77-5245,"726 Carter Ramp Suite 222
Smithville, OR 84537",N,hours
962,Bradley Hansen,343-76-7938,"3762 Allison Isle Suite 306
Port Veronica, CT 33338",Y,miles
963,Donna Cooper,144-06-2975,"927 Lopez Hills Suite 947
Thomasstad, FM 23495",N,hours
964,Michael Benitez,399-67-1680,"767 Kevin Flats
Lake Randall, FL 58016",Y,hours
965,Crystal Gross,092-40-1822,"874 Elizabeth Road Suite 808
New Lindsayborough, SD 09970",Y,hours
966,Amy Butler,122-55-1926,"1183 Cruz Park Apt. 992
Kellyfort, NV 52564",N,hours
967,Francisco Banks,208-39-2677,"USS Lamb
FPO AE 03843",N,miles
968,Casey Decker,112-65-6697,"34000 Amy Bridge
North Anthony, VI 89533",Y,hours
969,Paul Marshall,123-21-1710,"1973 Edwards Drive Suite 985
Lake Tonyfort, ND 74794",N,miles
970,Robert Johnson,838-69-8612,"7990 Kayla Curve Apt. 216
Port Joseph, MH 52318",N,miles
971,Natasha Powell,476-71-2776,"79141 Kenneth Port
North Janicehaven, OH 94827",Y,hours
972,Angela Adams,083-25-7350,"727 David Crescent Apt. 057
New Jason, TN 17082",Y,hours
973,Rebecca Martin,773-39-6642,"32666 Lopez Station
South Sarahhaven, CA 41784",Y,hours
974,Angela Santana,439-23-4649,"01684 Burton Glens
Donaldtown, VA 60712",Y,miles
975,Jaclyn Vincent,372-64-3448,"64383 Norton Bypass
East Marc, NC 59660",N,miles
976,Ronald Beck,817-97-2237,"29843 Cory Walks Suite 709
East Richardmouth, RI 53518",Y,hours
977,Ryan Jordan,417-28-6191,"578 Jones Union
Munoztown, NJ 88895",N,hours
978,Jesus Hartman,761-54-8826,"613 Sandoval Lane Apt. 351
East Laurenberg, SC 21881",N,miles
979,Patricia Sandoval,461-44-7983,"016 Murray Ferry Suite 135
Bullockborough, NY 86178",N,hours
980,Dr. Michael Rojas,218-80-1619,"99212 James Road Suite 962
East Madisonberg, OH 15445",Y,hours
981,Justin Hunter,607-45-3240,"77956 Larson Roads
Walkerland, NY 28690",Y,hours
982,Brian Sandoval,133-06-4546,"739 Jackson Pass
Ryanbury, LA 04757",N,miles
983,Timothy Romero,042-19-3707,"0293 Larson Falls Apt. 061
East Zacharyfurt, VI 52591",N,miles
984,Jennifer Moore,118-75-0903,"05862 Rowe Neck Suite 324
Lake Adrian, MN 22082",Y,hours
985,Melissa Becker,426-66-6474,"607 Daniel Skyway
Laurahaven, UT 12233",Y,hours
986,Megan Morgan,184-71-6431,"5788 Luis Corners Apt. 719
West Cynthiachester, AL 96830",N,hours
987,Kirsten Coleman,071-55-0549,"4749 Sanchez Forks
North Timothyport, MP 10698",Y,miles
988,Joseph Estrada,249-41-3621,"9779 Byrd Viaduct Suite 364
Codystad, MD 53608",Y,miles
989,Lisa Robertson,269-35-1823,"950 Buck Ridges Apt. 457
Dwayneton, WY 37864",Y,hours
990,Brian Garcia,882-53-8069,"567 David Court
Randyshire, HI 33339",N,hours
991,Amber Evans,845-64-0388,"560 Zachary Fort
East Nathan, DE 87984",N,hours
992,Donald Montoya,025-60-4308,"433 Mejia Passage Suite 416
Port Jasmine, MD 82973",Y,hours
993,Timothy Sullivan,495-13-0789,"87131 Kirby Glen Apt. 052
Cookhaven, OH 54708",Y,miles
994,William Bryan,725-10-6505,"8163 Eaton Burgs
Christinabury, MI 34866",Y,hours
995,Jason White,830-76-1568,"2205 Hannah Freeway Apt. 940
Lake Paulaport, GU 91580",N,hours
996,Natalie King,049-51-6427,"5198 David Extensions
Reginaldport, RI 83332",N,miles
997,Evan Spencer,614-59-1190,"7130 Jasmine Place Apt. 219
Holdenhaven, OR 46258",Y,hours
998,Ashlee Obrien,582-98-3898,"729 Meadows Meadow Apt. 197
New Dana, ND 20130",Y,miles
999,Michelle Alvarez,080-94-6757,"90488 Neal Parks
Brownton, IA 30476",Y,miles
1000,Isabella Flores,148-37-6489,"Unit 7515 Box 5518
DPO AE 32526",N,miles
1001,Kyle Holmes,042-59-0940,"306 Adams Gardens Apt. 047
Joannachester, PW 81657",N,hours
1002,Ashley Arroyo,336-95-6843,"50681 Katherine Glens
Port Davidhaven, NM 66419",N,hours
1003,Tara Hudson,674-87-4670,"5537 Oscar Turnpike Apt. 871
West Sarah, HI 77308",Y,miles
1004,Madison Sanchez,642-25-9257,"499 Bell Square
Virginiaburgh, CA 22838",Y,hours
1005,Vanessa Williams,333-88-0272,"8472 Williams Prairie
Michaeltown, AR 36536",Y,hours
1006,Dr. Pamela Harrison,111-03-3962,"0846 Renee River
Martinchester, MH 99461",N,miles
1007,Javier Madden,165-92-4239,"108 John Mountain Apt. 118
North Christinafort, GU 82274",N,miles
1008,Monica Oneal,634-54-4589,"4343 David Port
Lake William, AK 86049",N,hours
1009,Jessica Johnson,720-55-1011,"5018 Espinoza Estate Apt. 822
Nathanielside, AR 92642",Y,miles
